"Date","TMAX","TMIN","TAVG"
"1985-01-23","-84","-155","-127"
"1985-01-24","-46","-175","-121"
"1985-01-25","-42","-155","-113"
"1985-01-26","-49","-143","-98"
"1985-01-28","-53","-136","-88"
"1985-01-29","-96","-139","-113"
"1985-01-30","-108","-210","-172"
"1985-01-31","-183","-273","-238"
"1985-02-01","-187","-284","-240"
"1985-02-02","-139","-238","-192"
"1985-02-03","-100","-187","-151"
"1985-02-04","-151","-202","-181"
"1985-02-05","-132","-198","-163"
"1985-02-06","-84","-155","-124"
"1985-02-07","-38","-136","-88"
"1985-02-08","-22","-81","-45"
"1985-02-09","-22","-147","-102"
"1985-02-10","-61","-143","-113"
"1985-02-11","-61","-159","-108"
"1985-02-12","2","-57","-24"
"1985-02-13","2","-96","-47"
"1985-02-14","13","-116","-61"
"1985-02-15","45","-77","-24"
"1985-02-16","13","-65","-21"
"1985-02-17","-2","-108","-56"
"1985-02-18","2","-112","-73"
"1985-02-19","6","-112","-49"
"1985-02-20","-18","-57","-43"
"1985-02-21","-29","-116","-73"
"1985-02-22","-26","-81","-63"
"1985-02-23","-42","-53","-48"
"1985-02-24","-2","-14","-12"
"1985-02-25","-6","-120","-56"
"1985-02-26","-42","-159","-115"
"1985-02-27","-26","-139","-98"
"1985-02-28","-18","-132","-90"
"1985-03-17","-10","-14","-12"
"1985-03-18","57","-29","7"
"1985-03-19","61","-42","-3"
"1985-03-20","49","-46","11"
"1985-03-21","21","-84","-42"
"1985-03-22","-38","-92","-64"
"1985-03-23","53","-53","-4"
"1985-03-24","96","-18","37"
"1985-03-25","53","-33","9"
"1985-03-26","-10","-69","-35"
"1985-03-27","-10","-100","-57"
"1985-03-28","-26","-124","-71"
"1985-03-29","-2","-65","-39"
"1985-03-31","64","-2","32"
"1985-04-01","76","-2","33"
"1985-04-02","108","13","61"
"1985-04-03","92","25","56"
"1985-04-04","25","-22","5"
"1985-04-05","76","-22","32"
"1985-04-06","108","9","57"
"1985-04-07","127","-10","62"
"1985-04-08","139","25","60"
"1985-04-09","139","6","71"
"1985-04-10","162","41","103"
"1985-04-11","112","33","67"
"1985-04-12","135","25","84"
"1985-04-13","162","13","84"
"1985-04-14","190","33","103"
"1985-04-15","206","53","121"
"1985-04-16","186","108","142"
"1985-04-17","151","49","96"
"1985-04-18","151","25","73"
"1985-04-22","17","-46","-12"
"1985-04-23","25","-65","-36"
"1985-04-24","37","-29","7"
"1985-04-25","13","-42","-26"
"1985-04-26","76","-26","22"
"1985-04-27","147","-26","62"
"1985-04-28","182","25","111"
"1985-04-29","190","53","128"
"1985-04-30","198","49","128"
"1985-05-01","217","53","141"
"1985-05-02","225","84","156"
"1985-05-03","202","88","131"
"1985-05-04","72","17","39"
"1985-05-06","194","64","150"
"1985-05-07","198","84","159"
"1985-05-08","194","53","131"
"1985-05-09","131","84","106"
"1985-05-10","57","37","47"
"1985-05-11","53","9","29"
"1985-05-12","61","-22","19"
"1985-05-13","112","-29","39"
"1985-05-14","154","-10","71"
"1985-05-15","135","9","63"
"1985-05-16","182","57","114"
"1985-05-17","167","37","81"
"1985-05-18","167","37","102"
"1985-05-19","190","29","106"
"1985-05-20","162","72","112"
"1985-05-21","182","41","114"
"1985-05-22","167","64","129"
"1985-05-23","100","57","70"
"1985-06-27","198","100","162"
"1985-06-28","237","96","192"
"1985-06-29","249","116","198"
"1985-06-30","273","155","216"
"1985-07-01","265","159","216"
"1985-07-02","284","174","225"
"1985-07-03","296","143","213"
"1985-07-04","292","261","279"
"1985-07-05","308","210","271"
"1985-07-06","308","159","230"
"1985-07-07","281","171","234"
"1985-07-08","284","159","230"
"1985-07-09","300","171","238"
"1985-07-10","308","155","229"
"1985-07-11","281","202","239"
"1985-07-12","241","116","163"
"1985-07-13","253","104","158"
"1985-07-14","222","123","164"
"1985-07-15","288","186","242"
"1985-07-16","257","147","194"
"1985-07-17","261","151","191"
"1985-07-18","210","127","153"
"1985-07-19","249","112","176"
"1985-07-20","277","159","216"
"1985-07-21","245","136","188"
"1985-07-22","214","119","176"
"1985-07-23","186","123","147"
"1985-07-24","229","88","164"
"1985-07-25","261","100","189"
"1985-07-26","296","119","206"
"1985-07-27","245","143","189"
"1985-07-28","249","123","169"
"1985-07-29","237","108","163"
"1985-07-30","186","92","129"
"1985-07-31","249","64","144"
"1985-08-01","261","131","199"
"1985-08-02","171","96","130"
"1985-08-03","214","64","144"
"1985-08-04","257","88","177"
"1985-08-05","269","123","192"
"1985-08-06","265","119","196"
"1985-08-07","281","123","204"
"1985-08-08","214","119","161"
"1985-08-09","194","69","129"
"1985-08-10","245","49","159"
"1985-08-11","147","73","113"
"1985-08-12","174","26","112"
"1985-08-13","210","73","141"
"1985-08-14","222","53","137"
"1985-08-15","237","69","158"
"1985-08-16","218","112","162"
"1985-08-17","269","77","188"
"1985-08-18","253","136","191"
"1985-08-19","249","116","192"
"1985-08-20","249","116","167"
"1985-08-21","245","112","182"
"1985-08-22","222","84","157"
"1985-08-23","253","77","168"
"1985-08-24","273","92","191"
"1985-08-25","312","116","217"
"1985-08-26","312","159","245"
"1985-08-27","257","155","180"
"1985-08-28","273","127","196"
"1985-08-29","277","159","240"
"1985-08-30","277","151","228"
"1985-08-31","237","139","184"
"1985-09-01","253","108","171"
"1985-09-02","151","77","101"
"1985-09-03","218","77","150"
"1985-09-04","233","127","183"
"1985-09-05","186","112","154"
"1985-09-06","194","108","163"
"1985-09-07","194","64","126"
"1985-09-09","210","108","173"
"1985-09-10","198","77","132"
"1985-09-11","147","18","86"
"1985-09-12","81","22","47"
"1985-09-13","178","10","101"
"1985-09-14","214","69","141"
"1985-09-15","194","64","131"
"1985-09-16","186","33","106"
"1985-09-17","171","49","104"
"1985-09-18","96","49","68"
"1985-09-19","100","26","56"
"1985-09-20","147","10","78"
"1985-09-21","100","37","72"
"1985-09-22","84","6","48"
"1985-09-23","116","-10","56"
"1985-09-24","143","41","94"
"1985-09-25","136","14","73"
"1985-09-26","174","18","103"
"1985-09-27","159","18","86"
"1985-09-28","57","-29","7"
"1985-09-29","81","-61","9"
"1985-09-30","123","-41","41"
"1985-10-01","139","-10","68"
"1985-10-02","136","73","98"
"1985-10-03","136","45","93"
"1985-10-04","131","2","54"
"1985-10-06","123","69","90"
"1985-10-07","61","-33","13"
"1985-10-08","6","-69","-31"
"1985-10-09","41","-41","-8"
"1985-10-10","100","-22","49"
"1985-10-11","100","-14","44"
"1985-10-12","45","-18","18"
"1985-10-13","64","-41","0"
"1985-10-14","84","-41","17"
"1985-10-15","123","-10","53"
"1985-10-16","143","2","64"
"1985-10-17","127","14","63"
"1985-10-18","143","-6","68"
"1985-10-19","163","29","84"
"1985-10-20","171","18","86"
"1985-10-21","147","6","83"
"1985-10-22","10","-22","-3"
"1985-10-23","61","2","36"
"1985-10-24","127","26","63"
"1985-10-25","155","29","86"
"1985-10-27","167","57","96"
"1985-10-28","151","41","94"
"1985-10-29","151","2","68"
"1985-10-30","131","29","66"
"1985-10-31","49","-14","17"
"1985-11-01","29","-29","1"
"1985-11-02","81","29","52"
"1985-11-03","131","6","66"
"1985-11-04","147","26","87"
"1985-11-05","64","-29","7"
"1985-11-06","10","-33","-12"
"1985-11-07","22","-14","2"
"1985-11-08","18","-77","-22"
"1985-11-09","-22","-104","-58"
"1985-11-10","-41","-123","-79"
"1985-11-11","18","-61","-19"
"1985-11-12","-2","-22","-7"
"1985-11-13","-45","-73","-64"
"1985-11-14","-29","-81","-62"
"1985-11-15","-26","-127","-80"
"1985-11-16","-26","-96","-64"
"1985-11-17","6","-45","-28"
"1985-11-18","-64","-96","-80"
"1985-11-19","-112","-136","-122"
"1985-11-20","-64","-143","-119"
"1985-11-21","-92","-119","-107"
"1985-11-22","-73","-143","-109"
"1985-11-23","-84","-178","-127"
"1985-11-24","6","-77","-31"
"1985-11-25","2","-49","-18"
"1985-11-26","18","-104","-46"
"1985-11-27","-18","-49","-34"
"1985-11-28","-33","-53","-40"
"1985-11-29","6","-37","-16"
"1985-11-30","-26","-112","-59"
"1985-12-01","-49","-112","-68"
"1985-12-02","6","-61","-26"
"1985-12-03","14","-37","-3"
"1985-12-04","-6","-77","-37"
"1985-12-05","-22","-81","-53"
"1985-12-06","-29","-84","-55"
"1985-12-07","-10","-37","-23"
"1985-12-08","-18","-64","-44"
"1985-12-09","-57","-139","-86"
"1985-12-10","-92","-206","-149"
"1985-12-11","-57","-222","-176"
"1985-12-12","-112","-202","-159"
"1985-12-13","-73","-143","-108"
"1985-12-14","-49","-100","-68"
"1985-12-15","-29","-116","-76"
"1985-12-16","-29","-116","-90"
"1985-12-17","-10","-84","-55"
"1985-12-18","-26","-88","-70"
"1985-12-19","-22","-112","-82"
"1985-12-20","-29","-123","-80"
"1985-12-21","-45","-112","-79"
"1985-12-22","-29","-119","-82"
"1985-12-23","-69","-123","-98"
"1985-12-24","-45","-131","-97"
"1985-12-25","-49","-127","-97"
"1985-12-26","-33","-136","-84"
"1985-12-27","-22","-119","-75"
"1985-12-28","-18","-88","-57"
"1985-12-29","-29","-108","-56"
"1985-12-30","-6","-37","-27"
"1985-12-31","-37","-123","-67"
"1986-01-01","-33","-33","-33"
"1986-01-02","-33","-88","-54"
"1986-01-03","-14","-92","-46"
"1986-01-04","-53","-136","-109"
"1986-01-05","-33","-127","-74"
"1986-01-06","-14","-88","-41"
"1986-01-07","-57","-139","-114"
"1986-01-08","-49","-139","-106"
"1986-01-09","-14","-92","-51"
"1986-01-10","10","-41","-18"
"1986-01-11","-2","-41","-27"
"1986-01-12","-18","-81","-49"
"1986-01-13","29","-88","-45"
"1986-01-14","-14","-88","-60"
"1986-01-15","-29","-81","-53"
"1986-01-16","18","-37","-6"
"1986-01-17","33","-2","15"
"1986-01-18","49","-14","11"
"1986-01-19","49","-18","9"
"1986-01-20","26","-61","-8"
"1986-01-21","-10","-100","-77"
"1986-01-22","-41","-119","-84"
"1986-01-23","-6","-73","-37"
"1986-01-24","-33","-57","-45"
"1986-01-25","-33","-116","-86"
"1986-01-26","-45","-123","-82"
"1986-01-27","-10","-77","-44"
"1986-01-28","45","-33","0"
"1986-01-29","61","10","28"
"1986-01-30","49","6","24"
"1986-01-31","29","6","15"
"1986-02-01","18","14","17"
"1986-02-03","-6","-45","-27"
"1986-02-04","-29","-73","-50"
"1986-02-05","-57","-100","-81"
"1986-02-06","-61","-100","-83"
"1986-02-07","-81","-159","-119"
"1986-02-08","-136","-178","-162"
"1986-02-09","-123","-202","-174"
"1986-02-10","-100","-155","-129"
"1986-02-11","-88","-119","-111"
"1986-02-12","-22","-96","-64"
"1986-02-13","10","-22","-10"
"1986-02-14","26","-22","3"
"1986-02-15","33","-2","12"
"1986-02-16","22","-6","2"
"1986-02-17","10","-6","1"
"1986-02-18","49","6","34"
"1986-02-19","18","2","8"
"1986-02-20","2","-45","-24"
"1986-02-21","-14","-41","-23"
"1986-02-22","10","-22","1"
"1986-02-23","45","6","27"
"1986-02-24","84","33","52"
"1986-02-25","116","18","68"
"1986-02-26","77","57","69"
"1986-02-27","64","-22","19"
"1986-02-28","92","-29","24"
"1986-03-01","104","-18","35"
"1986-03-03","104","-6","49"
"1986-03-04","92","-18","34"
"1986-03-05","92","-2","50"
"1986-03-06","100","-10","34"
"1986-03-07","69","14","40"
"1986-03-08","77","6","42"
"1986-03-09","26","-29","-4"
"1986-03-10","37","-33","0"
"1986-03-11","22","-10","3"
"1986-03-12","33","-33","-7"
"1986-03-13","33","-53","-12"
"1986-03-14","18","-53","-18"
"1986-03-15","29","-73","-21"
"1986-03-16","33","-45","-14"
"1986-03-17","6","-22","-16"
"1986-03-18","-10","-64","-32"
"1986-03-19","37","-33","2"
"1986-03-20","88","6","37"
"1986-03-21","96","-22","38"
"1986-03-22","96","22","61"
"1986-03-23","136","10","69"
"1986-03-24","108","29","69"
"1986-03-25","49","-22","14"
"1986-03-26","112","-37","34"
"1986-03-27","151","6","65"
"1986-03-28","178","37","102"
"1986-03-29","167","37","105"
"1986-03-30","171","33","91"
"1986-03-31","57","2","33"
"1986-04-01","29","-37","1"
"1986-04-02","22","-22","2"
"1986-04-03","37","-41","-2"
"1986-04-04","64","-37","18"
"1986-04-05","119","-14","53"
"1986-04-06","147","14","88"
"1986-04-07","100","-2","44"
"1986-04-08","96","-26","33"
"1986-04-09","84","14","32"
"1986-04-10","100","14","49"
"1986-04-11","84","10","43"
"1986-04-12","119","-26","56"
"1986-04-13","-14","-53","-36"
"1986-04-14","53","-73","-1"
"1986-04-15","131","-18","62"
"1986-04-16","73","6","33"
"1986-04-17","33","-22","4"
"1986-04-18","45","-22","8"
"1986-04-19","84","-6","38"
"1986-04-20","147","26","89"
"1986-04-21","190","45","117"
"1986-04-22","182","49","111"
"1986-04-23","84","37","59"
"1986-04-24","84","-6","27"
"1986-04-25","37","-26","3"
"1986-04-26","2","-45","-21"
"1986-04-27","37","-18","14"
"1986-04-28","61","10","36"
"1986-04-29","61","2","28"
"1986-04-30","116","-18","49"
"1986-05-01","194","41","118"
"1986-05-02","214","73","140"
"1986-05-03","210","73","144"
"1986-05-04","131","10","53"
"1986-05-05","61","-10","22"
"1986-05-06","61","-2","25"
"1986-05-07","18","-10","4"
"1986-05-08","26","-6","11"
"1986-05-09","49","-22","12"
"1986-05-10","73","18","39"
"1986-05-11","57","2","31"
"1986-05-12","92","-22","39"
"1986-05-13","123","-10","66"
"1986-05-14","81","18","48"
"1986-05-15","104","-6","47"
"1986-05-16","92","-10","39"
"1986-05-17","131","-10","69"
"1986-05-18","174","22","106"
"1986-05-19","214","69","145"
"1986-05-20","226","100","159"
"1986-05-21","174","-14","91"
"1986-05-22","37","-22","3"
"1986-05-23","127","-33","57"
"1986-05-24","182","29","111"
"1986-05-25","210","57","139"
"1986-05-26","226","73","161"
"1986-05-27","226","73","151"
"1986-05-28","218","73","156"
"1986-05-29","222","73","154"
"1986-05-30","233","77","164"
"1986-05-31","257","92","181"
"1986-06-01","237","104","178"
"1986-06-02","245","127","186"
"1986-06-03","226","116","179"
"1986-06-04","233","96","172"
"1986-06-05","229","108","164"
"1986-06-06","206","73","149"
"1986-06-07","222","96","148"
"1986-06-08","119","69","89"
"1986-06-09","143","57","92"
"1986-06-10","186","49","133"
"1986-06-11","214","57","148"
"1986-06-12","241","96","168"
"1986-06-13","233","104","163"
"1986-06-18","253","163","216"
"1986-06-19","218","100","158"
"1986-06-20","218","69","157"
"1986-06-21","198","81","146"
"1986-06-22","229","64","160"
"1986-06-23","249","100","161"
"1986-06-24","269","143","219"
"1986-06-25","245","119","182"
"1986-06-26","265","112","191"
"1986-06-27","277","136","212"
"1986-06-28","277","151","213"
"1986-06-29","245","155","196"
"1986-06-30","226","100","161"
"1986-07-01","265","88","187"
"1986-07-02","288","123","204"
"1986-07-08","237","143","203"
"1986-07-09","214","116","163"
"1986-07-10","186","96","144"
"1986-07-11","174","123","145"
"1986-07-12","218","57","149"
"1986-07-13","265","96","191"
"1986-07-14","269","139","197"
"1986-07-15","218","123","163"
"1986-07-16","206","92","134"
"1986-07-17","214","57","143"
"1986-07-18","233","108","180"
"1986-07-19","269","104","193"
"1986-07-20","265","112","198"
"1986-07-21","265","116","191"
"1986-07-22","178","131","154"
"1986-07-23","194","108","142"
"1986-07-24","190","104","128"
"1986-07-25","206","92","128"
"1986-07-26","206","77","129"
"1986-07-27","202","61","128"
"1986-07-28","241","77","169"
"1986-07-29","226","92","171"
"1986-07-30","233","96","170"
"1986-07-31","261","100","186"
"1986-08-01","261","108","192"
"1986-08-02","281","108","203"
"1986-08-03","277","167","217"
"1986-08-04","269","131","203"
"1986-08-05","273","123","201"
"1986-08-06","284","127","209"
"1986-08-07","265","139","193"
"1986-08-08","253","112","181"
"1986-08-09","269","116","198"
"1986-08-10","261","112","168"
"1987-05-08","226","88","159"
"1987-05-09","206","84","131"
"1987-05-10","202","61","122"
"1987-05-11","163","61","120"
"1987-05-12","210","64","127"
"1987-05-13","186","64","130"
"1987-05-14","226","77","158"
"1987-05-15","226","92","150"
"1987-05-16","198","84","129"
"1987-05-17","139","81","99"
"1987-05-18","131","53","91"
"1987-05-19","147","41","84"
"1987-05-20","123","45","77"
"1987-05-21","108","22","57"
"1987-05-22","127","14","66"
"1987-05-23","151","33","94"
"1987-05-24","136","49","79"
"1987-05-25","112","14","55"
"1987-05-26","96","10","37"
"1987-05-27","81","18","49"
"1987-05-28","116","37","73"
"1987-05-29","123","45","83"
"1987-05-30","167","33","108"
"1987-05-31","163","53","111"
"1987-06-01","108","14","69"
"1987-06-02","143","37","99"
"1987-06-03","198","37","123"
"1987-06-04","237","73","162"
"1987-06-05","229","116","166"
"1987-06-06","222","96","149"
"1987-06-07","174","81","118"
"1987-06-08","81","81","81"
"1987-06-09","186","81","123"
"1987-06-10","190","61","121"
"1987-06-11","218","84","174"
"1987-06-12","229","88","165"
"1987-06-13","241","108","160"
"1987-06-14","261","147","205"
"1987-06-15","265","139","192"
"1987-06-16","155","131","142"
"1987-06-17","229","131","193"
"1987-06-18","202","77","148"
"1987-06-19","178","57","123"
"1987-06-20","222","53","149"
"1987-06-21","241","108","182"
"1987-06-22","147","53","97"
"1987-06-23","190","41","130"
"1987-06-25","233","69","153"
"1987-06-26","257","73","178"
"1987-06-27","261","112","187"
"1987-06-28","257","108","181"
"1987-06-29","206","88","139"
"1987-06-30","182","92","139"
"1987-07-01","253","84","173"
"1987-07-02","257","127","186"
"1987-07-03","226","119","177"
"1987-07-04","233","127","196"
"1987-07-05","233","100","177"
"1987-07-06","190","112","157"
"1987-07-07","218","73","147"
"1987-07-08","229","96","161"
"1987-07-09","218","123","174"
"1987-07-10","116","81","97"
"1987-07-11","167","69","111"
"1987-07-12","198","53","129"
"1987-07-13","229","81","178"
"1987-07-14","257","151","197"
"1987-07-15","281","108","204"
"1987-07-16","241","123","180"
"1987-07-17","214","116","154"
"1987-07-18","155","69","127"
"1987-07-19","190","29","127"
"1987-07-20","241","92","161"
"1987-07-21","202","100","120"
"1987-07-22","202","119","153"
"1987-07-23","249","81","159"
"1987-07-24","269","249","259"
"1987-07-25","233","155","196"
"1987-07-26","284","131","203"
"1987-07-27","257","139","194"
"1987-07-28","253","151","196"
"1987-07-29","237","155","193"
"1987-07-30","265","119","194"
"1987-07-31","277","131","198"
"1987-08-01","273","159","219"
"1987-08-02","269","131","208"
"1987-08-03","261","112","191"
"1987-08-04","277","104","207"
"1987-08-05","257","139","198"
"1987-08-06","261","112","176"
"1987-08-07","214","112","171"
"1987-08-08","253","84","171"
"1987-08-09","269","116","191"
"1987-08-10","273","112","198"
"1987-08-11","237","167","218"
"1987-08-12","233","100","184"
"1987-08-13","226","84","164"
"1987-08-14","151","64","98"
"1987-08-15","143","61","98"
"1987-08-16","182","49","123"
"1987-08-17","190","41","118"
"1987-08-18","229","112","196"
"1987-08-19","269","147","210"
"1987-08-20","253","127","197"
"1987-08-21","222","104","146"
"1987-08-22","249","81","168"
"1987-08-23","241","116","176"
"1987-08-24","163","84","118"
"1987-08-25","163","64","112"
"1987-08-26","174","49","113"
"1987-08-27","202","53","133"
"1987-08-28","222","84","154"
"1987-08-29","245","88","168"
"1987-08-30","253","100","174"
"1987-08-31","269","92","184"
"1987-09-01","273","127","204"
"1987-09-02","269","123","193"
"1987-09-03","194","77","130"
"1987-09-04","163","73","110"
"1987-09-05","198","45","121"
"1987-09-06","210","61","139"
"1987-09-07","218","81","149"
"1987-09-08","214","73","147"
"1987-09-09","218","61","151"
"1987-09-10","226","81","154"
"1987-09-11","222","84","152"
"1987-09-12","237","77","156"
"1987-09-13","237","92","154"
"1987-09-14","206","92","123"
"1987-09-15","202","61","131"
"1987-09-16","139","33","93"
"1987-09-17","155","2","72"
"1987-09-18","182","22","105"
"1987-09-19","202","53","129"
"1987-09-20","214","49","138"
"1987-09-21","233","73","152"
"1987-09-22","253","77","166"
"1987-09-23","261","104","183"
"1987-09-24","261","116","196"
"1987-09-25","237","88","163"
"1987-09-26","174","37","117"
"1987-09-27","143","-6","68"
"1987-09-28","178","6","92"
"1987-09-29","210","37","122"
"1987-09-30","222","64","144"
"1987-10-01","226","61","146"
"1987-10-02","229","81","151"
"1987-10-03","229","77","143"
"1987-10-04","206","84","137"
"1987-10-05","190","45","120"
"1987-10-06","206","41","119"
"1987-10-07","206","57","127"
"1987-10-08","198","57","118"
"1987-10-09","167","41","102"
"1987-10-10","163","10","78"
"1987-10-11","171","-2","84"
"1987-10-12","174","41","98"
"1987-10-13","92","18","52"
"1987-10-14","92","10","37"
"1987-10-15","84","2","34"
"1987-10-16","112","-26","37"
"1987-10-17","139","-2","68"
"1987-10-18","116","45","79"
"1987-10-19","104","-14","47"
"1987-10-20","127","-18","47"
"1987-10-21","151","6","67"
"1987-10-22","147","10","69"
"1987-10-23","151","10","65"
"1987-10-24","108","37","66"
"1987-10-26","143","41","97"
"1987-10-27","151","2","70"
"1987-10-28","163","14","86"
"1987-10-29","182","45","100"
"1987-10-30","84","57","68"
"1987-10-31","123","53","79"
"1987-11-01","119","45","74"
"1987-11-02","69","45","57"
"1987-11-03","108","22","61"
"1987-11-04","61","-10","27"
"1987-11-05","127","-22","52"
"1987-11-06","77","-14","31"
"1987-11-07","29","-10","14"
"1987-11-08","57","-22","8"
"1987-11-09","96","-29","19"
"1987-11-10","41","-10","9"
"1987-11-11","64","-29","9"
"1987-11-12","61","-14","21"
"1987-11-13","61","6","28"
"1987-11-14","14","-61","-13"
"1987-11-15","-14","-84","-58"
"1987-11-16","-33","-69","-48"
"1987-11-17","-41","-127","-72"
"1987-11-18","-26","-127","-79"
"1987-11-19","26","-88","-32"
"1987-11-20","57","-64","-6"
"1987-11-21","45","-41","-4"
"1987-11-22","-6","-61","-27"
"1987-11-23","-10","-81","-51"
"1987-11-24","-2","-116","-62"
"1987-11-25","-26","-57","-44"
"1987-11-26","-22","-92","-63"
"1987-11-27","-29","-116","-81"
"1987-11-28","-22","-108","-71"
"1987-11-29","-6","-96","-60"
"1987-11-30","-22","-112","-66"
"1987-12-01","10","-49","-8"
"1987-12-02","29","-10","15"
"1987-12-03","84","6","34"
"1987-12-04","53","2","26"
"1987-12-05","92","-2","34"
"1987-12-06","84","-18","27"
"1987-12-07","29","-64","-21"
"1987-12-08","-29","-100","-62"
"1987-12-09","-26","-77","-52"
"1987-12-10","41","-41","4"
"1987-12-11","-49","-88","-64"
"1987-12-12","-69","-143","-104"
"1987-12-13","-64","-167","-113"
"1987-12-14","-88","-182","-146"
"1987-12-15","-64","-171","-129"
"1987-12-16","-57","-136","-89"
"1987-12-17","10","-73","-42"
"1987-12-18","-29","-96","-59"
"1987-12-19","-37","-127","-69"
"1987-12-20","-41","-151","-103"
"1987-12-21","-26","-77","-48"
"1987-12-22","-22","-73","-48"
"1987-12-23","-77","-123","-98"
"1987-12-24","-100","-194","-148"
"1987-12-25","-77","-206","-156"
"1987-12-26","-41","-171","-118"
"1987-12-27","-53","-143","-107"
"1987-12-28","-53","-143","-98"
"1987-12-29","-37","-116","-85"
"1987-12-30","-61","-112","-87"
"1987-12-31","-84","-100","-91"
"1988-01-01","-61","-167","-105"
"1988-01-02","-100","-174","-150"
"1988-01-03","-73","-182","-138"
"1988-01-04","-73","-143","-102"
"1988-01-05","-33","-77","-56"
"1988-01-06","-22","-96","-62"
"1988-01-07","-37","-96","-71"
"1988-01-08","-53","-81","-69"
"1988-01-09","-33","-61","-48"
"1988-01-10","22","-37","-5"
"1988-01-11","22","-81","-48"
"1988-01-12","-64","-123","-93"
"1988-01-13","-57","-147","-93"
"1988-01-14","2","-81","-36"
"1988-01-15","10","-73","-31"
"1988-01-16","-69","-131","-95"
"1988-01-17","-14","-96","-76"
"1988-01-18","-49","-151","-104"
"1988-01-19","-104","-182","-151"
"1988-01-20","-81","-194","-134"
"1988-01-21","-53","-131","-91"
"1988-01-22","-29","-147","-100"
"1988-01-23","-45","-81","-64"
"1988-01-24","-73","-139","-100"
"1988-01-25","-26","-147","-90"
"1988-01-26","-14","-108","-63"
"1988-01-27","37","-64","-18"
"1988-01-28","37","-41","-3"
"1988-01-29","29","-22","-2"
"1988-01-30","-14","-92","-44"
"1988-01-31","-69","-127","-99"
"1988-02-01","-61","-159","-118"
"1988-02-02","-77","-167","-133"
"1988-02-03","-88","-186","-136"
"1988-02-04","-29","-147","-109"
"1988-02-05","-18","-143","-88"
"1988-02-06","-14","-108","-68"
"1988-02-07","-10","-96","-49"
"1988-02-08","-2","-53","-25"
"1988-02-09","10","-22","-11"
"1988-02-10","10","-45","-24"
"1988-02-11","6","-41","-14"
"1988-02-12","57","-61","-16"
"1988-02-13","-22","-61","-44"
"1988-02-14","-14","-81","-52"
"1988-02-15","6","-49","-26"
"1988-02-16","-49","-84","-66"
"1988-02-17","-53","-139","-93"
"1988-02-18","-10","-108","-68"
"1988-02-19","-37","-100","-69"
"1988-02-20","26","-64","-24"
"1988-02-21","26","-84","-29"
"1988-02-22","10","-49","-7"
"1988-02-23","6","-88","-39"
"1988-02-24","10","-96","-42"
"1988-02-25","61","-73","-23"
"1988-02-26","53","-64","-13"
"1988-02-27","73","-57","8"
"1988-02-28","73","-29","16"
"1988-02-29","73","-22","18"
"1988-03-01","61","-14","14"
"1988-03-02","29","-33","-2"
"1988-03-03","18","-73","-23"
"1988-03-04","33","-61","-13"
"1988-03-05","33","-61","-19"
"1988-03-06","2","-69","-23"
"1988-03-07","-18","-88","-57"
"1988-03-08","10","-104","-42"
"1988-03-09","29","-73","-31"
"1988-03-10","-41","-77","-59"
"1988-03-11","-37","-112","-72"
"1988-03-12","-41","-119","-82"
"1988-03-13","-29","-127","-75"
"1988-03-14","-2","-116","-59"
"1988-03-15","18","-64","-34"
"1988-03-16","-29","-100","-56"
"1988-03-17","-10","-119","-66"
"1988-03-18","33","-81","-25"
"1988-03-19","69","-45","14"
"1988-03-20","116","-10","50"
"1988-03-21","127","2","51"
"1988-03-22","45","-29","8"
"1988-03-23","53","-41","-13"
"1988-03-24","-22","-53","-34"
"1988-03-25","53","-33","12"
"1988-03-26","119","-14","50"
"1988-03-27","77","-81","-19"
"1988-03-28","-18","-104","-63"
"1988-03-29","-29","-104","-62"
"1988-03-30","14","-84","-39"
"1988-03-31","29","-81","-37"
"1988-04-01","73","-64","7"
"1988-04-02","116","-22","41"
"1988-04-03","81","6","38"
"1988-04-04","45","-26","17"
"1988-04-05","81","-41","17"
"1988-04-06","147","-10","69"
"1988-04-07","167","6","89"
"1988-04-08","18","-61","-31"
"1988-04-09","53","-77","-12"
"1988-04-10","143","-64","36"
"1988-04-11","171","14","94"
"1988-04-12","198","22","114"
"1988-04-13","202","57","119"
"1988-04-14","186","45","119"
"1988-04-15","143","41","97"
"1988-04-16","198","41","117"
"1988-04-17","182","84","133"
"1988-04-18","112","26","66"
"1988-04-19","100","14","57"
"1988-04-20","116","6","69"
"1988-04-21","92","18","44"
"1988-04-22","37","-6","9"
"1988-04-23","69","-2","21"
"1988-04-24","61","-2","22"
"1988-04-25","2","-64","-21"
"1988-04-26","57","-84","-14"
"1988-04-27","131","-6","67"
"1988-04-28","159","37","89"
"1988-04-29","147","22","94"
"1988-04-30","96","-10","54"
"1988-05-01","14","-41","-24"
"1988-05-02","49","-61","-1"
"1988-05-03","104","-29","44"
"1988-05-04","136","14","82"
"1988-05-05","167","53","108"
"1988-05-06","69","-14","22"
"1988-05-07","22","-10","6"
"1988-05-08","96","2","37"
"1988-05-09","112","-2","54"
"1988-05-10","167","-2","98"
"1988-05-11","202","29","130"
"1988-05-12","226","61","150"
"1988-05-13","218","18","109"
"1988-05-14","136","-2","78"
"1988-05-15","206","45","131"
"1988-05-16","229","88","169"
"1988-05-17","155","57","90"
"1988-05-18","104","29","63"
"1988-05-19","119","14","73"
"1988-05-20","155","64","121"
"1988-05-21","186","37","121"
"1988-05-22","190","37","121"
"1988-05-23","226","64","149"
"1988-05-24","222","84","141"
"1988-05-25","229","77","149"
"1988-05-26","222","96","163"
"1988-05-27","210","88","149"
"1988-05-28","206","53","143"
"1988-05-29","202","26","127"
"1988-05-30","69","2","31"
"1988-05-31","73","2","33"
"1988-06-01","131","26","81"
"1988-06-02","186","61","128"
"1988-06-03","257","81","172"
"1988-06-04","273","131","205"
"1988-06-05","257","131","193"
"1988-06-06","233","96","176"
"1988-06-07","210","77","151"
"1988-06-08","167","64","123"
"1988-06-09","241","49","163"
"1988-06-10","233","100","172"
"1988-06-11","222","84","161"
"1988-06-12","202","100","147"
"1988-06-13","182","45","124"
"1988-06-14","214","49","140"
"1988-06-15","261","88","175"
"1988-06-16","269","104","193"
"1988-06-17","257","100","166"
"1988-06-18","253","92","178"
"1988-06-19","284","116","208"
"1988-06-20","273","155","212"
"1988-06-21","288","139","219"
"1988-06-22","284","155","227"
"1988-06-23","281","143","220"
"1988-06-24","316","151","238"
"1988-06-25","312","167","252"
"1988-06-26","237","131","181"
"1988-06-27","265","116","201"
"1988-06-28","273","127","194"
"1988-06-29","210","77","156"
"1988-06-30","241","33","143"
"1988-07-01","273","108","189"
"1988-07-02","284","136","211"
"1988-07-03","292","127","220"
"1988-07-04","265","155","212"
"1988-07-05","269","139","208"
"1988-07-06","233","108","170"
"1988-07-07","245","92","165"
"1988-07-08","277","104","226"
"1988-07-09","296","139","215"
"1988-07-10","277","112","208"
"1988-07-11","273","139","212"
"1988-07-12","233","136","189"
"1988-07-13","292","119","207"
"1988-07-14","296","143","227"
"1988-07-15","308","143","237"
"1988-07-16","296","202","253"
"1988-07-17","265","131","206"
"1988-07-18","257","100","180"
"1988-07-19","253","84","182"
"1988-07-20","277","116","198"
"1988-07-21","308","131","217"
"1988-07-22","308","143","231"
"1988-07-23","296","174","241"
"1988-07-24","304","155","233"
"1988-07-25","304","155","230"
"1988-07-26","265","163","204"
"1988-07-27","261","147","197"
"1988-07-28","265","123","191"
"1988-07-29","296","127","219"
"1988-07-30","308","136","238"
"1988-07-31","308","151","229"
"1988-08-01","269","147","209"
"1988-08-02","261","116","200"
"1988-08-03","178","104","147"
"1988-08-04","241","69","158"
"1988-08-05","273","96","189"
"1988-08-06","237","131","180"
"1988-08-07","210","92","141"
"1988-08-08","226","73","154"
"1988-08-09","257","96","183"
"1988-08-10","273","123","193"
"1988-08-11","281","119","193"
"1988-08-12","226","112","158"
"1988-08-13","245","92","166"
"1988-08-14","269","96","192"
"1988-08-15","265","123","188"
"1988-08-16","241","81","164"
"1988-08-17","277","96","192"
"1988-08-18","288","136","204"
"1988-08-19","292","96","208"
"1988-08-20","273","155","207"
"1988-08-21","229","119","179"
"1988-08-22","253","61","163"
"1988-08-23","288","88","194"
"1988-08-24","300","136","218"
"1988-08-25","308","151","236"
"1988-08-26","265","136","206"
"1988-08-27","249","88","172"
"1988-08-28","261","96","179"
"1988-08-29","269","112","194"
"1988-08-30","277","119","203"
"1988-08-31","273","123","194"
"1988-09-01","265","104","183"
"1988-09-02","269","123","191"
"1988-09-03","265","108","183"
"1988-09-04","245","104","176"
"1988-09-05","277","116","192"
"1988-09-06","257","112","168"
"1988-09-07","237","119","182"
"1988-09-08","241","77","169"
"1988-09-09","277","92","179"
"1988-09-10","186","29","142"
"1988-09-11","73","2","31"
"1988-09-12","119","-14","58"
"1988-09-13","100","22","52"
"1988-09-14","116","18","61"
"1988-09-15","182","22","101"
"1988-09-16","214","53","132"
"1988-09-17","190","57","123"
"1988-09-18","64","-10","31"
"1988-09-19","163","-22","68"
"1988-09-20","119","37","64"
"1988-09-21","178","33","99"
"1988-09-22","151","45","93"
"1988-09-23","178","26","98"
"1988-09-24","194","41","121"
"1988-09-25","190","61","127"
"1988-09-26","202","57","129"
"1988-09-27","123","45","77"
"1988-09-28","108","6","58"
"1988-09-29","190","14","106"
"1988-09-30","222","57","142"
"1988-10-01","222","84","149"
"1988-10-02","233","81","151"
"1988-10-03","190","116","147"
"1988-10-04","233","77","147"
"1988-10-05","210","81","141"
"1988-10-06","210","49","127"
"1988-10-07","198","61","126"
"1988-10-08","206","53","136"
"1988-10-09","198","61","137"
"1988-10-10","182","37","104"
"1988-10-11","194","37","112"
"1988-10-12","167","49","87"
"1988-10-13","171","33","93"
"1988-10-14","167","64","100"
"1988-10-15","155","57","101"
"1988-10-16","151","69","113"
"1988-10-17","151","84","117"
"1988-10-18","163","64","111"
"1988-10-19","139","57","96"
"1988-10-20","155","10","81"
"1988-10-21","178","10","86"
"1988-10-23","116","61","92"
"1988-10-24","167","22","89"
"1988-10-25","167","33","94"
"1988-10-26","159","29","94"
"1988-10-27","116","45","73"
"1988-10-28","100","64","81"
"1988-10-29","151","33","76"
"1988-10-30","143","18","78"
"1988-10-31","155","6","74"
"1988-11-01","139","33","74"
"1988-11-02","84","37","57"
"1988-11-03","69","6","37"
"1988-11-04","45","-57","11"
"1988-11-05","81","-33","17"
"1988-11-06","64","-10","24"
"1988-11-07","45","-41","6"
"1988-11-10","-2","-6","-5"
"1988-11-11","2","-33","-14"
"1988-11-12","22","-53","-16"
"1988-11-13","22","-14","1"
"1988-11-14","37","-53","-22"
"1988-11-15","-18","-69","-45"
"1988-11-16","-18","-53","-38"
"1988-11-17","-10","-57","-36"
"1988-11-18","-6","-73","-50"
"1988-11-19","-26","-96","-62"
"1988-11-20","-14","-112","-69"
"1988-11-21","10","-57","-30"
"1988-11-22","18","-41","-8"
"1988-11-23","61","-29","23"
"1988-11-24","-33","-69","-52"
"1988-11-25","-57","-127","-83"
"1988-11-26","-64","-100","-77"
"1988-11-27","-53","-139","-89"
"1988-11-28","-29","-77","-56"
"1988-11-29","-57","-92","-68"
"1988-11-30","-6","-92","-57"
"1988-12-01","2","-241","-81"
"1988-12-02","14","-96","-49"
"1988-12-03","18","-77","-30"
"1988-12-04","26","-77","-32"
"1988-12-05","37","-92","-41"
"1988-12-06","-10","-81","-52"
"1988-12-07","-6","-84","-54"
"1988-12-08","-37","-116","-83"
"1988-12-09","-14","-96","-53"
"1988-12-10","10","-45","-28"
"1988-12-11","-2","-29","-19"
"1988-12-12","49","-22","0"
"1988-12-13","49","-22","15"
"1988-12-14","-14","-84","-39"
"1988-12-15","-64","-151","-114"
"1988-12-16","-37","-151","-101"
"1988-12-17","-6","-112","-66"
"1988-12-18","2","-88","-46"
"1988-12-19","-18","-84","-50"
"1988-12-20","-10","-61","-40"
"1988-12-21","-18","-84","-48"
"1988-12-22","-26","-77","-69"
"1988-12-23","-64","-84","-77"
"1988-12-24","-73","-84","-80"
"1988-12-25","-53","-104","-81"
"1988-12-26","-104","-194","-151"
"1988-12-27","-116","-206","-168"
"1988-12-28","-104","-159","-133"
"1988-12-29","-100","-139","-123"
"1988-12-30","-49","-116","-93"
"1988-12-31","-33","-116","-73"
"1989-01-01","-69","-112","-87"
"1989-01-02","-37","-136","-79"
"1989-01-03","2","-64","-34"
"1989-01-04","2","-96","-49"
"1989-01-05","-18","-41","-29"
"1989-01-06","-18","-136","-91"
"1989-01-07","-116","-147","-131"
"1989-01-08","-104","-147","-124"
"1989-01-09","-26","-100","-59"
"1989-01-10","-14","-100","-43"
"1989-01-11","-57","-119","-102"
"1989-01-12","-53","-163","-119"
"1989-01-13","-61","-167","-122"
"1989-01-14","-81","-116","-100"
"1989-01-15","-69","-131","-107"
"1989-01-16","-33","-84","-56"
"1989-01-17","10","-69","-28"
"1989-01-18","2","-88","-41"
"1989-01-19","10","-69","-26"
"1989-01-20","2","-92","-53"
"1989-01-21","6","-81","-43"
"1989-01-22","26","-61","-14"
"1989-01-23","6","-139","-42"
"1989-01-24","-45","-178","-135"
"1989-01-25","-119","-198","-162"
"1989-01-26","-69","-178","-127"
"1989-01-27","-14","-147","-91"
"1989-01-28","-77","-159","-115"
"1989-01-29","-49","-127","-95"
"1989-01-30","29","-88","-39"
"1989-01-31","41","-57","6"
"1989-02-01","14","-100","-44"
"1989-02-02","-88","-139","-114"
"1989-02-03","-131","-182","-156"
"1989-02-04","-186","-253","-218"
"1989-02-05","-171","-264","-229"
"1989-02-06","-171","-284","-239"
"1989-02-07","-104","-264","-214"
"1989-02-08","-96","-229","-184"
"1989-02-09","-96","-202","-145"
"1989-02-10","-6","-88","-54"
"1989-02-11","-6","-92","-59"
"1989-02-12","-57","-108","-86"
"1989-02-13","-61","-131","-106"
"1989-02-14","-61","-147","-118"
"1989-02-15","-88","-171","-133"
"1989-02-16","-49","-151","-97"
"1989-02-17","2","-69","-40"
"1989-02-18","18","-41","-16"
"1989-02-19","10","-37","-17"
"1989-02-20","-26","-281","-66"
"1989-02-21","-2","-81","-45"
"1989-02-22","2","-84","-35"
"1989-02-23","84","-22","20"
"1989-02-24","69","-18","25"
"1989-02-25","131","29","63"
"1989-02-26","29","-53","-7"
"1989-02-27","-29","-92","-55"
"1989-02-28","-26","-69","-48"
"1989-03-01","45","-69","-9"
"1989-03-02","2","-108","-47"
"1989-03-03","-57","-159","-108"
"1989-03-04","-41","-178","-120"
"1989-03-05","2","-112","-62"
"1989-03-06","33","-57","-11"
"1989-03-07","69","-29","11"
"1989-03-08","96","-18","35"
"1989-03-09","131","18","66"
"1989-03-10","143","53","93"
"1989-03-11","131","41","77"
"1989-03-12","127","14","56"
"1989-03-13","37","-53","-1"
"1989-03-14","-37","-73","-57"
"1989-03-15","18","-96","-38"
"1989-03-16","88","-29","19"
"1989-03-17","-14","-64","-39"
"1989-03-18","45","-64","-3"
"1989-03-19","10","-37","-12"
"1989-03-20","14","-69","-34"
"1989-03-21","29","-81","-16"
"1989-03-22","45","-22","7"
"1989-03-23","69","-14","18"
"1989-03-24","100","-2","38"
"1989-03-25","96","14","44"
"1989-03-26","64","6","23"
"1989-03-27","33","-29","4"
"1989-03-28","61","-18","17"
"1989-03-29","37","-37","-3"
"1989-03-30","26","-57","-23"
"1989-03-31","64","-37","1"
"1989-04-01","37","-96","-13"
"1989-04-02","6","-37","-22"
"1989-04-03","-6","-49","-31"
"1989-04-04","22","-61","-13"
"1989-04-05","116","14","65"
"1989-04-06","155","61","106"
"1989-04-07","155","73","112"
"1989-04-08","116","33","71"
"1989-04-09","57","-53","13"
"1989-04-10","88","-92","3"
"1989-04-11","88","-14","34"
"1989-04-12","116","-10","58"
"1989-04-13","151","-14","70"
"1989-04-14","171","26","96"
"1989-04-15","131","53","83"
"1989-04-16","127","49","82"
"1989-04-17","143","22","91"
"1989-04-18","174","41","115"
"1989-04-19","198","57","117"
"1989-04-20","210","77","151"
"1989-04-21","206","64","130"
"1989-04-22","143","37","97"
"1989-04-23","147","-2","67"
"1989-04-24","174","22","94"
"1989-04-25","100","22","66"
"1989-04-26","45","-10","17"
"1989-04-27","33","-26","11"
"1989-04-28","77","-6","27"
"1989-04-29","77","-22","27"
"1989-04-30","104","-37","38"
"1989-05-01","147","-2","73"
"1989-05-02","112","26","71"
"1989-05-03","119","33","76"
"1989-05-04","136","41","90"
"1989-05-05","167","33","94"
"1989-05-06","214","53","142"
"1989-05-07","214","100","149"
"1989-05-08","167","81","122"
"1989-05-09","222","61","128"
"1989-05-10","174","45","109"
"1989-05-11","131","45","79"
"1989-05-12","61","14","34"
"1989-05-13","84","2","38"
"1989-05-14","108","-2","47"
"1989-05-15","104","33","62"
"1989-05-16","119","22","67"
"1989-05-17","155","22","94"
"1989-05-18","178","-26","74"
"1989-05-19","84","-37","28"
"1989-05-20","159","-14","86"
"1989-05-21","182","61","128"
"1989-05-22","210","64","142"
"1989-05-23","182","6","103"
"1989-05-24","69","-2","27"
"1989-05-25","92","-10","39"
"1989-05-26","143","-10","69"
"1989-05-27","194","33","124"
"1989-05-28","194","33","127"
"1989-05-29","136","26","88"
"1989-05-30","77","6","39"
"1989-05-31","112","18","66"
"1989-06-01","174","26","106"
"1989-06-02","194","45","117"
"1989-06-03","155","57","86"
"1989-06-04","147","53","91"
"1989-06-05","206","53","127"
"1989-06-06","190","57","111"
"1989-06-07","198","49","127"
"1989-06-08","167","-500","-209"
"1989-06-09","-500","-500","-500"
"1989-06-10","-500","-500","-500"
"1989-06-11","-371","-500","-485"
"1989-06-12","-77","-500","-307"
"1989-06-13","131","-308","-9"
"1989-06-14","241","119","189"
"1989-06-15","327","182","258"
"1989-06-16","261","186","228"
"1989-06-17","214","139","188"
"1989-06-18","265","127","202"
"1989-06-19","265","147","211"
"1989-06-20","151","14","96"
"1989-06-21","119","-6","66"
"1989-06-22","139","6","83"
"1989-06-23","104","45","68"
"1989-06-24","143","45","85"
"1989-06-25","186","41","112"
"1989-06-26","206","53","139"
"1989-06-27","233","73","166"
"1989-06-28","222","88","162"
"1989-06-29","249","92","179"
"1989-06-30","249","112","184"
"1989-07-01","229","96","170"
"1989-07-02","269","88","188"
"1989-07-03","288","123","205"
"1989-07-04","292","136","215"
"1989-07-05","296","119","210"
"1989-07-06","304","131","224"
"1989-07-07","304","178","242"
"1989-07-08","304","151","218"
"1989-07-09","277","151","208"
"1989-07-10","257","163","220"
"1989-07-11","288","123","208"
"1989-07-12","194","127","168"
"1989-07-13","241","104","173"
"1989-07-14","261","104","190"
"1989-07-15","269","108","188"
"1989-07-16","241","123","186"
"1989-07-17","214","81","157"
"1989-07-18","273","88","191"
"1989-07-19","323","123","226"
"1989-07-20","304","171","236"
"1989-07-21","308","155","231"
"1989-07-22","277","151","207"
"1989-07-23","277","139","192"
"1989-07-24","288","108","204"
"1989-07-25","304","136","229"
"1989-07-26","316","155","233"
"1989-07-27","296","159","224"
"1989-07-28","304","147","207"
"1989-07-29","308","139","218"
"1989-07-30","308","139","225"
"1989-07-31","323","159","234"
"1989-08-01","277","163","217"
"1989-08-02","261","136","201"
"1989-08-03","257","108","191"
"1989-08-04","257","119","192"
"1989-08-05","284","123","196"
"1989-08-06","292","131","207"
"1989-08-07","300","116","208"
"1989-08-08","273","136","198"
"1989-08-09","245","155","192"
"1989-08-10","265","131","186"
"1989-08-11","245","127","173"
"1989-08-12","292","116","179"
"1989-08-13","265","96","179"
"1989-08-14","218","131","169"
"1989-08-15","273","96","188"
"1989-08-16","261","116","194"
"1989-08-17","277","116","200"
"1989-08-18","226","100","147"
"1989-08-19","226","88","147"
"1989-08-20","222","69","137"
"1989-08-21","222","77","141"
"1989-08-22","261","96","178"
"1989-08-23","249","96","170"
"1989-08-24","100","33","66"
"1989-08-25","174","6","92"
"1989-08-26","222","41","136"
"1989-08-27","233","112","169"
"1989-08-28","222","57","148"
"1989-08-29","269","104","179"
"1989-08-30","245","104","179"
"1989-08-31","210","61","143"
"1989-09-01","257","73","168"
"1989-09-02","233","84","161"
"1989-09-03","198","61","134"
"1989-09-04","249","33","148"
"1989-09-05","257","96","176"
"1989-09-06","245","73","161"
"1989-09-07","245","88","174"
"1989-09-08","155","57","104"
"1989-09-09","163","53","88"
"1989-09-10","155","22","87"
"1989-09-11","163","2","78"
"1989-09-12","163","37","105"
"1989-09-13","198","22","127"
"1989-09-14","218","49","132"
"1989-09-15","237","69","146"
"1989-09-16","253","69","161"
"1989-09-17","233","69","138"
"1989-09-18","167","45","95"
"1989-09-19","210","49","131"
"1989-09-20","136","73","91"
"1989-09-21","182","26","107"
"1989-09-22","198","57","128"
"1989-09-23","214","45","127"
"1989-09-24","245","69","153"
"1989-09-25","237","84","159"
"1989-09-26","229","108","161"
"1989-09-27","190","100","134"
"1989-09-28","257","84","162"
"1989-09-29","257","104","176"
"1989-09-30","218","37","122"
"1989-10-01","131","33","74"
"1989-10-02","159","37","89"
"1989-10-03","139","14","66"
"1989-10-04","73","26","46"
"1989-10-05","143","-6","67"
"1989-10-06","151","14","78"
"1989-10-07","155","6","82"
"1989-10-08","174","18","95"
"1989-10-09","194","33","111"
"1989-10-10","198","41","119"
"1989-10-11","171","100","141"
"1989-10-12","210","61","137"
"1989-10-13","214","69","134"
"1989-10-14","198","53","122"
"1989-10-15","131","22","73"
"1989-10-16","104","10","48"
"1989-10-17","119","-29","46"
"1989-10-18","139","-22","50"
"1989-10-19","178","2","82"
"1989-10-20","178","29","91"
"1989-10-21","127","26","71"
"1989-10-22","119","41","69"
"1989-10-23","159","33","94"
"1989-10-24","159","61","94"
"1989-10-25","136","14","70"
"1989-10-26","29","-33","-1"
"1989-10-27","81","-33","3"
"1989-10-28","-26","-49","-38"
"1989-10-29","2","-88","-44"
"1989-10-30","22","-81","-34"
"1989-10-31","-10","-92","-34"
"1989-11-01","22","-119","-53"
"1989-11-02","57","-84","-18"
"1989-11-03","53","-33","14"
"1989-11-04","49","18","34"
"1989-11-05","53","-6","19"
"1989-11-06","33","-37","-9"
"1989-11-07","26","-26","0"
"1989-11-08","41","-10","13"
"1989-11-09","69","33","55"
"1989-11-10","127","57","81"
"1989-11-11","151","18","72"
"1989-11-12","136","26","73"
"1989-11-13","77","14","53"
"1989-11-14","-22","-57","-37"
"1989-11-15","26","-69","-34"
"1989-11-16","57","-45","-1"
"1989-11-17","69","-37","9"
"1989-11-18","45","-22","4"
"1989-11-19","119","-33","34"
"1989-11-20","143","-10","61"
"1989-11-21","108","14","48"
"1989-11-22","81","-37","13"
"1989-11-23","96","-26","31"
"1989-11-24","10","-57","-12"
"1989-11-25","10","-49","-24"
"1989-11-26","10","-61","-20"
"1989-11-27","-22","-108","-66"
"1989-11-28","-37","-143","-99"
"1989-11-29","-18","-131","-88"
"1989-11-30","-14","-123","-75"
"1989-12-01","-14","-112","-68"
"1989-12-02","6","-96","-56"
"1989-12-03","6","-73","-40"
"1989-12-04","57","-41","6"
"1989-12-05","33","-26","11"
"1989-12-06","10","-29","-16"
"1989-12-07","6","-96","-45"
"1989-12-08","61","-81","-7"
"1989-12-09","22","-64","-17"
"1989-12-10","-49","-108","-81"
"1989-12-11","-53","-155","-110"
"1989-12-12","-41","-116","-89"
"1989-12-13","-41","-112","-71"
"1989-12-14","-22","-61","-39"
"1989-12-15","-6","-104","-36"
"1989-12-16","-18","-108","-81"
"1989-12-17","-53","-116","-86"
"1989-12-18","-45","-159","-108"
"1989-12-19","-29","-119","-74"
"1989-12-20","10","-29","-17"
"1989-12-21","22","-53","-22"
"1989-12-22","10","-77","-30"
"1989-12-23","41","-73","-27"
"1989-12-24","6","-88","-46"
"1989-12-25","6","-119","-71"
"1989-12-26","-6","-116","-66"
"1989-12-27","10","-96","-37"
"1989-12-28","26","-61","-30"
"1989-12-29","-14","-104","-60"
"1989-12-30","-22","-88","-56"
"1989-12-31","-10","-77","-49"
"1990-01-01","18","-69","-29"
"1990-01-02","-18","-136","-61"
"1990-01-03","-73","-171","-118"
"1990-01-04","-69","-136","-99"
"1990-01-05","-22","-100","-58"
"1990-01-06","-37","-116","-80"
"1990-01-07","6","-88","-31"
"1990-01-08","29","-2","11"
"1990-01-09","92","-18","38"
"1990-01-10","57","10","37"
"1990-01-11","64","-10","33"
"1990-01-12","45","-37","0"
"1990-01-13","33","-18","3"
"1990-01-14","22","-29","-1"
"1990-01-15","-10","-73","-45"
"1990-01-16","6","-73","-49"
"1990-01-17","-22","-73","-55"
"1990-01-18","-33","-116","-75"
"1990-01-19","-61","-163","-122"
"1990-01-20","-49","-163","-121"
"1990-01-21","-29","-143","-96"
"1990-01-22","10","-100","-48"
"1990-01-23","-26","-92","-47"
"1990-01-24","-69","-116","-89"
"1990-01-25","-10","-127","-65"
"1990-01-26","10","-123","-52"
"1990-01-27","-81","-139","-104"
"1990-01-28","-41","-92","-66"
"1990-01-29","-41","-73","-58"
"1990-01-30","14","-77","-39"
"1990-01-31","-33","-96","-60"
"1990-02-01","2","-100","-68"
"1990-02-02","-33","-92","-70"
"1990-02-03","-29","-81","-62"
"1990-02-04","26","-73","-38"
"1990-02-05","-6","-112","-69"
"1990-02-06","22","-108","-41"
"1990-02-07","-53","-100","-80"
"1990-02-08","-69","-178","-95"
"1990-02-09","-33","-69","-48"
"1990-02-10","10","-33","-7"
"1990-02-11","64","-18","19"
"1990-02-12","29","-108","-40"
"1990-02-13","-57","-155","-117"
"1990-02-14","-92","-163","-142"
"1990-02-15","-108","-198","-157"
"1990-02-16","-61","-174","-113"
"1990-02-17","-64","-151","-86"
"1990-02-18","-45","-136","-99"
"1990-02-19","-10","-116","-63"
"1990-02-20","-22","-131","-67"
"1990-02-21","22","-57","-28"
"1990-02-22","41","-41","-8"
"1990-02-23","45","-41","-7"
"1990-02-24","49","-61","-13"
"1990-02-25","45","-10","19"
"1990-02-26","57","-41","11"
"1990-02-27","49","-69","-8"
"1990-02-28","37","-96","-37"
"1990-03-01","49","-61","-17"
"1990-03-02","57","-49","-1"
"1990-03-03","26","-10","5"
"1990-03-04","57","-37","5"
"1990-03-05","22","-18","1"
"1990-03-06","29","-29","-2"
"1990-03-07","64","-41","6"
"1990-03-08","92","-29","25"
"1990-03-09","92","-33","25"
"1990-03-10","112","-14","45"
"1990-03-11","53","-77","-14"
"1990-03-12","-18","-104","-67"
"1990-03-13","-22","-119","-71"
"1990-03-14","-22","-73","-48"
"1990-03-15","14","-49","-20"
"1990-03-16","57","-96","-16"
"1990-03-17","73","-41","17"
"1990-03-18","100","2","45"
"1990-03-19","123","-14","49"
"1990-03-20","127","18","74"
"1990-03-21","112","-2","61"
"1990-03-22","116","6","54"
"1990-03-23","33","-22","9"
"1990-03-24","49","-81","-15"
"1990-03-25","77","-37","16"
"1990-03-26","151","-45","48"
"1990-03-27","112","6","49"
"1990-03-28","22","-33","-6"
"1990-03-29","69","-45","9"
"1990-03-30","112","-37","34"
"1990-03-31","139","-18","63"
"1990-04-01","167","18","91"
"1990-04-02","190","29","107"
"1990-04-03","182","29","99"
"1990-04-04","171","37","108"
"1990-04-05","136","2","66"
"1990-04-06","143","-41","55"
"1990-04-07","92","14","59"
"1990-04-08","96","10","42"
"1990-04-09","96","18","55"
"1990-04-10","136","2","77"
"1990-04-11","167","26","69"
"1990-04-12","104","26","67"
"1990-04-13","123","-2","66"
"1990-04-14","178","64","123"
"1990-04-15","214","73","139"
"1990-04-16","214","73","136"
"1990-04-17","147","26","71"
"1990-04-18","151","2","84"
"1990-04-19","159","26","103"
"1990-04-20","198","41","111"
"1990-04-21","151","57","99"
"1990-04-22","131","29","69"
"1990-04-23","100","29","49"
"1990-04-24","84","22","48"
"1990-04-25","92","6","50"
"1990-04-26","29","-14","8"
"1990-04-27","41","-22","9"
"1990-04-28","61","-61","-3"
"1990-04-29","26","-64","-22"
"1990-04-30","73","-53","7"
"1990-05-01","108","-45","37"
"1990-05-02","139","-10","71"
"1990-05-03","151","14","92"
"1990-05-04","171","69","117"
"1990-05-05","190","22","113"
"1990-05-06","206","53","137"
"1990-05-07","96","14","61"
"1990-05-08","18","-37","-7"
"1990-05-09","108","-49","34"
"1990-05-10","178","-2","94"
"1990-05-11","147","37","90"
"1990-05-12","81","18","47"
"1990-05-13","92","2","38"
"1990-05-14","84","14","42"
"1990-05-15","92","-22","32"
"1990-05-16","108","-18","51"
"1990-05-17","190","2","104"
"1990-05-18","147","33","91"
"1990-05-19","123","22","64"
"1990-05-20","108","18","67"
"1990-05-21","182","29","111"
"1990-05-22","198","81","143"
"1990-05-23","218","81","162"
"1990-05-24","136","2","59"
"1990-05-25","104","-18","49"
"1990-05-26","163","10","87"
"1990-05-27","198","37","129"
"1990-05-28","163","88","131"
"1990-05-29","104","49","77"
"1990-05-30","127","49","81"
"1990-05-31","139","-2","62"
"1990-06-01","73","-10","30"
"1990-06-02","104","6","69"
"1990-06-03","218","33","137"
"1990-06-04","198","88","150"
"1990-06-05","190","49","132"
"1990-06-06","202","64","132"
"1990-06-07","167","73","124"
"1990-06-08","206","61","147"
"1990-06-09","269","88","159"
"1990-06-10","182","96","136"
"1990-06-11","123","49","88"
"1990-06-12","123","-2","59"
"1990-06-13","163","-6","89"
"1990-06-14","182","64","123"
"1990-06-15","159","29","103"
"1990-06-16","136","57","86"
"1990-06-17","214","41","128"
"1990-06-18","214","88","161"
"1990-06-19","198","77","144"
"1990-06-20","214","73","152"
"1990-06-21","237","77","167"
"1990-06-22","281","100","193"
"1990-06-23","284","147","218"
"1990-06-24","292","123","222"
"1990-06-25","292","159","231"
"1990-06-26","300","159","234"
"1990-06-27","281","147","221"
"1990-06-28","281","136","212"
"1990-06-29","308","119","220"
"1990-06-30","316","151","234"
"1990-07-01","300","171","238"
"1990-07-02","300","155","223"
"1990-07-03","245","104","182"
"1990-07-04","277","136","209"
"1990-07-05","300","139","223"
"1990-07-06","269","131","209"
"1990-07-07","265","127","203"
"1990-07-08","281","119","184"
"1990-07-09","229","116","161"
"1990-07-10","277","100","192"
"1990-07-11","300","123","218"
"1990-07-12","304","131","228"
"1990-07-13","300","167","228"
"1990-07-14","288","143","212"
"1990-07-15","284","131","214"
"1990-07-16","284","143","216"
"1990-07-17","296","143","226"
"1990-07-18","233","151","192"
"1990-07-19","265","119","196"
"1990-07-20","233","131","167"
"1990-07-21","245","88","172"
"1990-07-22","253","96","182"
"1990-07-23","265","127","186"
"1990-07-24","245","108","161"
"1990-07-25","249","96","179"
"1990-07-26","198","81","144"
"1990-07-27","233","81","166"
"1990-07-28","257","96","185"
"1990-07-29","277","100","193"
"1990-07-30","284","112","193"
"1990-07-31","292","131","209"
"1990-08-01","249","123","194"
"1990-08-02","261","108","177"
"1990-08-03","265","92","188"
"1990-08-04","277","112","198"
"1990-08-05","292","104","202"
"1990-08-06","312","123","226"
"1990-08-07","327","147","236"
"1990-08-08","327","155","244"
"1990-08-09","323","155","244"
"1990-08-10","308","155","231"
"1990-08-11","273","131","180"
"1990-08-12","253","116","188"
"1990-08-13","273","116","198"
"1990-08-14","288","119","207"
"1990-08-15","269","151","201"
"1990-08-16","210","123","159"
"1990-08-17","237","92","154"
"1990-08-18","245","96","164"
"1990-08-19","218","127","161"
"1990-08-20","198","88","137"
"1990-08-21","218","104","160"
"1990-08-22","222","84","156"
"1990-08-23","237","84","159"
"1990-08-24","229","104","164"
"1990-08-25","241","104","168"
"1990-08-26","237","123","183"
"1990-08-27","249","104","177"
"1990-08-28","277","119","195"
"1990-08-29","304","104","208"
"1990-08-30","257","136","195"
"1990-08-31","265","96","180"
"1990-09-01","292","131","211"
"1990-09-02","241","155","189"
"1990-09-03","277","112","203"
"1990-09-04","245","127","176"
"1990-09-05","237","104","160"
"1990-09-06","257","92","178"
"1990-09-07","277","119","202"
"1990-09-08","277","123","204"
"1990-09-09","277","131","208"
"1990-09-10","284","123","201"
"1990-09-11","300","116","206"
"1990-09-12","300","139","219"
"1990-09-13","292","123","209"
"1990-09-14","296","108","206"
"1990-09-15","261","167","202"
"1990-09-16","245","139","187"
"1990-09-17","229","81","156"
"1990-09-18","222","96","150"
"1990-09-19","96","69","81"
"1990-09-20","159","57","90"
"1990-09-21","178","33","107"
"1990-09-22","218","84","140"
"1990-09-23","237","84","159"
"1990-09-24","218","92","151"
"1990-09-25","226","92","153"
"1990-09-26","218","81","145"
"1990-09-27","222","73","137"
"1990-09-28","198","81","125"
"1990-09-29","194","69","127"
"1990-09-30","229","64","144"
"1990-10-01","229","77","147"
"1990-10-02","136","18","90"
"1990-10-03","88","10","53"
"1990-10-04","190","96","136"
"1990-10-05","198","81","140"
"1990-10-06","131","-22","37"
"1990-10-07","61","-29","3"
"1990-10-08","57","-53","3"
"1990-10-09","112","-41","33"
"1990-10-10","139","-10","67"
"1990-10-11","88","-10","32"
"1990-10-12","108","-26","45"
"1990-10-13","84","10","61"
"1990-10-14","96","10","61"
"1990-10-15","119","53","75"
"1990-10-16","112","-33","37"
"1990-10-17","69","-69","2"
"1990-10-18","131","-10","48"
"1990-10-19","53","-18","19"
"1990-10-20","22","-57","-16"
"1990-10-21","77","-61","12"
"1990-10-22","57","-2","21"
"1990-10-23","100","-18","33"
"1990-10-24","151","10","69"
"1990-10-25","171","18","93"
"1990-10-26","174","49","103"
"1990-10-27","178","26","91"
"1990-10-28","182","33","106"
"1990-10-29","174","37","97"
"1990-10-30","167","22","87"
"1990-10-31","131","33","67"
"1990-11-01","26","-22","4"
"1990-11-02","-6","-57","-32"
"1990-11-03","22","-81","-30"
"1990-11-04","14","-57","-14"
"1990-11-05","18","-49","-16"
"1990-11-06","6","-64","-44"
"1990-11-07","-18","-104","-59"
"1990-11-08","14","-33","-10"
"1990-11-09","69","2","35"
"1990-11-10","123","14","66"
"1990-11-11","155","14","58"
"1990-11-12","123","-6","57"
"1990-11-13","143","14","62"
"1990-11-14","159","29","77"
"1990-11-15","61","-33","25"
"1990-11-16","92","-73","7"
"1990-11-17","84","-2","38"
"1990-11-18","88","2","33"
"1990-11-19","33","6","17"
"1990-11-20","26","-73","-24"
"1990-11-21","-37","-73","-51"
"1990-11-22","6","-37","-9"
"1990-11-23","57","-18","16"
"1990-11-24","88","-10","47"
"1990-11-25","96","-6","27"
"1990-11-26","45","-73","-30"
"1990-11-27","-69","-108","-82"
"1990-11-28","-41","-119","-77"
"1990-11-29","6","-119","-59"
"1990-11-30","14","-81","-17"
"1990-12-01","-22","-116","-67"
"1990-12-02","-69","-100","-84"
"1990-12-03","-18","-96","-64"
"1990-12-04","26","-92","-33"
"1990-12-05","18","-84","-22"
"1990-12-06","-6","-108","-60"
"1990-12-07","22","-108","-51"
"1990-12-08","53","-69","-14"
"1990-12-09","92","-41","20"
"1990-12-10","119","-6","36"
"1990-12-11","33","-22","0"
"1990-12-12","6","-92","-45"
"1990-12-13","-6","-49","-28"
"1990-12-14","-53","-159","-100"
"1990-12-15","-77","-167","-128"
"1990-12-16","-33","-139","-99"
"1990-12-17","-57","-147","-96"
"1990-12-18","-41","-77","-54"
"1990-12-19","-49","-131","-91"
"1990-12-20","-151","-300","-221"
"1990-12-21","-257","-316","-292"
"1990-12-22","-194","-316","-274"
"1990-12-23","-190","-288","-249"
"1990-12-24","-108","-257","-179"
"1990-12-25","-73","-186","-142"
"1990-12-26","-88","-163","-126"
"1990-12-27","-45","-123","-87"
"1990-12-28","-61","-112","-84"
"1990-12-29","-116","-273","-181"
"1990-12-30","-127","-264","-197"
"1990-12-31","-29","-143","-85"
"1991-01-01","49","-77","-35"
"1991-01-02","14","-81","-48"
"1991-01-03","-14","-104","-71"
"1991-01-04","-26","-104","-68"
"1991-01-05","-29","-119","-85"
"1991-01-06","-33","-119","-78"
"1991-01-07","-22","-92","-49"
"1991-01-08","-6","-96","-51"
"1991-01-09","-29","-119","-84"
"1991-01-10","-2","-104","-68"
"1991-01-11","-18","-53","-36"
"1991-01-12","6","-37","-12"
"1991-01-13","22","-14","4"
"1991-01-14","-6","-33","-23"
"1991-01-15","-2","-53","-21"
"1991-01-16","10","-84","-46"
"1991-01-17","-26","-64","-45"
"1991-01-18","2","-37","-21"
"1991-01-19","-22","-131","-59"
"1991-01-20","-73","-174","-133"
"1991-01-21","-53","-186","-133"
"1991-01-22","-37","-167","-113"
"1991-01-23","-41","-139","-88"
"1991-01-24","-41","-100","-69"
"1991-01-25","-64","-163","-120"
"1991-01-26","2","-123","-68"
"1991-01-27","-37","-81","-61"
"1991-01-28","-26","-151","-72"
"1991-01-29","-96","-222","-169"
"1991-01-30","-53","-178","-123"
"1991-01-31","22","-100","-46"
"1991-02-01","49","-61","-17"
"1991-02-02","29","-69","-24"
"1991-02-03","29","-29","-7"
"1991-02-04","29","-49","-13"
"1991-02-05","41","-61","-13"
"1991-02-06","57","-41","3"
"1991-02-07","84","-37","0"
"1991-02-08","22","-64","-29"
"1991-02-09","37","-92","-31"
"1991-02-10","53","-64","-15"
"1991-02-11","53","-61","-9"
"1991-02-12","53","-26","3"
"1991-02-13","37","-33","-2"
"1991-02-14","57","2","23"
"1991-02-15","64","14","33"
"1991-02-16","41","-6","18"
"1991-02-17","-2","-57","-28"
"1991-02-18","2","-88","-52"
"1991-02-19","10","-81","-32"
"1991-02-20","57","-2","29"
"1991-02-21","84","-10","37"
"1991-02-22","81","-10","16"
"1991-02-23","41","-22","8"
"1991-02-24","22","-73","-23"
"1991-02-25","22","-88","-34"
"1991-02-26","33","-92","-34"
"1991-02-27","37","-84","-29"
"1991-02-28","2","-53","-15"
"1991-03-01","64","-2","15"
"1991-03-02","41","-10","9"
"1991-03-03","41","-6","19"
"1991-03-04","64","14","37"
"1991-03-05","29","-96","-29"
"1991-03-06","-64","-104","-84"
"1991-03-07","-53","-108","-76"
"1991-03-08","-41","-406","-122"
"1991-03-09","-77","-500","-158"
"1991-03-10","88","-81","13"
"1991-03-11","33","-64","-8"
"1991-03-12","-2","-104","-54"
"1991-03-13","45","-84","-18"
"1991-03-14","49","-57","-6"
"1991-03-15","49","-49","-12"
"1991-03-16","37","-53","-12"
"1991-03-17","41","-49","-5"
"1991-03-18","88","-37","24"
"1991-03-19","108","-69","16"
"1991-03-20","14","-167","-38"
"1991-03-21","33","-73","-26"
"1991-03-22","18","-41","-15"
"1991-03-23","33","-53","-11"
"1991-03-24","69","-29","16"
"1991-03-25","57","-33","-2"
"1991-03-26","22","-45","-23"
"1991-03-27","14","-64","-24"
"1991-03-28","37","-88","-13"
"1991-03-29","33","-64","-22"
"1991-03-30","81","-64","7"
"1991-03-31","127","-26","41"
"1991-04-01","131","10","73"
"1991-04-02","123","2","68"
"1991-04-03","77","-14","27"
"1991-04-04","155","-2","69"
"1991-04-05","171","37","103"
"1991-04-06","143","37","85"
"1991-04-07","37","-45","12"
"1991-04-08","14","-57","-22"
"1991-04-09","53","-64","-3"
"1991-04-10","-18","-53","-32"
"1991-04-11","6","-64","-37"
"1991-04-12","22","-49","-26"
"1991-04-13","2","-61","-31"
"1991-04-14","33","-73","-1"
"1991-04-15","100","6","39"
"1991-04-16","108","14","59"
"1991-04-17","81","-33","22"
"1991-04-18","29","-29","-7"
"1991-04-19","104","-37","33"
"1991-04-20","119","-10","52"
"1991-04-21","73","6","27"
"1991-04-22","116","-10","48"
"1991-04-23","123","6","57"
"1991-04-24","116","6","46"
"1991-04-25","49","-26","9"
"1991-04-26","6","-53","-28"
"1991-04-27","6","-57","-28"
"1991-04-28","45","-37","-1"
"1991-04-29","64","-26","16"
"1991-04-30","64","-33","17"
"1991-05-01","139","-29","64"
"1991-05-02","119","-26","44"
"1991-05-03","-26","-198","-103"
"1991-05-04","33","-33","-4"
"1991-05-05","96","-45","36"
"1991-05-06","92","33","57"
"1991-05-07","100","33","57"
"1991-05-08","198","33","103"
"1991-05-09","96","10","38"
"1991-05-10","61","-2","22"
"1991-05-11","84","-2","39"
"1991-05-12","64","-2","33"
"1991-05-13","155","14","89"
"1991-05-14","123","26","74"
"1991-05-15","116","37","74"
"1991-05-16","178","33","108"
"1991-05-17","155","37","96"
"1991-05-18","131","41","69"
"1991-05-19","194","18","107"
"1991-05-20","178","37","114"
"1991-05-21","206","104","166"
"1991-05-22","186","57","104"
"1991-05-23","143","57","98"
"1991-05-24","186","53","124"
"1991-05-25","139","64","91"
"1991-05-26","64","-41","20"
"1991-05-27","-18","-123","-56"
"1991-05-28","-84","-218","-142"
"1991-05-29","92","-178","-62"
"1991-05-30","100","-18","29"
"1991-05-31","116","41","76"
"1991-06-01","171","49","99"
"1991-06-02","104","73","83"
"1991-06-03","174","69","111"
"1991-06-04","198","69","123"
"1991-06-05","190","57","126"
"1991-06-06","198","41","119"
"1991-06-07","194","77","134"
"1991-06-08","198","53","133"
"1991-06-09","202","64","141"
"1991-06-10","233","84","166"
"1991-06-11","241","96","178"
"1991-06-12","229","104","178"
"1991-06-13","194","104","152"
"1991-06-14","136","37","96"
"1991-06-15","182","-6","106"
"1991-06-16","214","77","152"
"1991-06-17","190","96","134"
"1991-06-18","229","77","159"
"1991-06-19","237","119","178"
"1991-06-20","214","92","158"
"1991-06-21","226","84","159"
"1991-06-22","210","100","157"
"1991-06-23","233","69","162"
"1991-06-24","222","96","164"
"1991-06-25","163","61","112"
"1991-06-26","155","29","98"
"1991-06-27","182","49","113"
"1991-06-28","202","49","130"
"1991-06-29","206","77","142"
"1991-06-30","155","69","106"
"1991-07-01","210","49","136"
"1991-07-02","245","77","164"
"1991-07-03","265","108","192"
"1991-07-04","277","116","201"
"1991-07-05","281","131","209"
"1991-07-06","277","143","213"
"1991-07-07","273","116","202"
"1991-07-08","253","136","187"
"1991-07-09","237","112","162"
"1991-07-10","218","88","149"
"1991-07-11","245","88","174"
"1991-07-12","277","112","196"
"1991-07-13","292","127","212"
"1991-07-14","288","147","220"
"1991-07-15","281","136","216"
"1991-07-16","281","159","219"
"1991-07-17","281","143","212"
"1991-07-18","253","147","203"
"1991-07-19","190","112","149"
"1991-07-20","257","92","183"
"1991-07-21","253","100","169"
"1991-07-22","257","81","172"
"1991-07-23","245","112","181"
"1991-07-24","233","104","156"
"1991-07-25","237","84","149"
"1991-07-26","241","100","172"
"1991-07-27","257","100","187"
"1991-07-28","284","108","201"
"1991-07-29","288","136","206"
"1991-07-30","288","136","207"
"1991-07-31","304","139","209"
"1991-08-01","226","123","169"
"1991-08-02","261","108","191"
"1991-08-03","206","116","161"
"1991-08-04","229","108","161"
"1991-08-05","249","73","166"
"1991-08-06","237","116","165"
"1991-08-07","265","104","185"
"1991-08-08","281","108","204"
"1991-08-09","292","139","218"
"1991-08-10","296","123","214"
"1991-08-11","281","139","195"
"1991-08-12","253","123","181"
"1991-08-13","269","123","195"
"1991-08-14","273","123","202"
"1991-08-15","245","123","176"
"1991-08-16","229","96","151"
"1991-08-17","261","100","179"
"1991-08-18","218","112","165"
"1991-08-19","202","112","151"
"1991-08-20","253","88","161"
"1991-08-21","284","116","199"
"1991-08-22","296","123","204"
"1991-08-23","288","127","211"
"1991-08-24","284","139","205"
"1991-08-25","281","104","194"
"1991-08-26","206","119","150"
"1991-08-27","249","108","153"
"1991-08-28","206","81","143"
"1991-08-29","253","81","168"
"1991-08-30","284","119","194"
"1991-08-31","284","136","204"
"1991-09-01","222","139","178"
"1991-09-02","245","100","174"
"1991-09-03","257","104","180"
"1991-09-04","249","88","152"
"1991-09-05","261","88","181"
"1991-09-06","210","104","158"
"1991-09-07","174","104","129"
"1991-09-08","174","73","106"
"1991-09-09","171","69","103"
"1991-09-10","186","61","97"
"1991-09-11","159","41","94"
"1991-09-12","163","45","95"
"1991-09-13","163","33","101"
"1991-09-14","96","-2","58"
"1991-09-15","123","-18","55"
"1991-09-16","171","18","94"
"1991-09-17","194","53","121"
"1991-09-18","174","22","100"
"1991-09-19","214","61","139"
"1991-09-20","222","49","140"
"1991-09-21","155","45","111"
"1991-09-22","159","-10","77"
"1991-09-23","167","37","104"
"1991-09-24","206","37","121"
"1991-09-25","233","49","138"
"1991-09-26","237","84","154"
"1991-09-27","241","92","166"
"1991-09-28","151","77","115"
"1991-09-29","136","57","90"
"1991-09-30","186","41","110"
"1991-10-01","190","57","127"
"1991-10-02","182","77","136"
"1991-10-03","155","29","98"
"1991-10-04","112","-18","47"
"1991-10-05","163","-18","68"
"1991-10-06","202","10","106"
"1991-10-07","198","64","127"
"1991-10-08","186","45","119"
"1991-10-09","119","29","64"
"1991-10-10","233","49","151"
"1991-10-11","233","57","129"
"1991-10-12","210","61","135"
"1991-10-13","159","88","122"
"1991-10-14","190","77","134"
"1991-10-15","206","41","122"
"1991-10-16","210","49","144"
"1991-10-17","155","61","112"
"1991-10-18","123","2","65"
"1991-10-19","119","22","79"
"1991-10-20","131","-18","62"
"1991-10-21","127","2","64"
"1991-10-22","143","33","77"
"1991-10-23","22","-61","-11"
"1991-10-24","18","-88","-35"
"1991-10-25","37","-64","-18"
"1991-10-26","77","-18","27"
"1991-10-27","-2","-61","-26"
"1991-10-28","-29","-92","-73"
"1991-10-29","-41","-100","-77"
"1991-10-30","-57","-136","-103"
"1991-10-31","-41","-119","-79"
"1991-11-01","-33","-112","-62"
"1991-11-02","-64","-167","-125"
"1991-11-03","-88","-171","-122"
"1991-11-04","14","-104","-27"
"1991-11-05","37","-2","18"
"1991-11-06","69","-2","34"
"1991-11-07","84","-29","21"
"1991-11-08","88","-14","29"
"1991-11-09","49","14","34"
"1991-11-10","69","-14","23"
"1991-11-11","69","-45","3"
"1991-11-12","96","-26","26"
"1991-11-13","57","-18","26"
"1991-11-14","6","-26","-13"
"1991-11-15","29","-61","-24"
"1991-11-16","14","-84","-36"
"1991-11-17","41","-64","-21"
"1991-11-18","-10","-41","-26"
"1991-11-19","10","-64","-34"
"1991-11-20","14","-73","-26"
"1991-11-21","-6","-69","-36"
"1991-11-22","-37","-143","-84"
"1991-11-23","-49","-159","-101"
"1991-11-24","-10","-77","-44"
"1991-11-25","6","-33","-14"
"1991-11-26","29","-22","-2"
"1991-11-27","33","-61","4"
"1991-11-28","-14","-92","-63"
"1991-11-29","-33","-116","-82"
"1991-11-30","-77","-171","-137"
"1991-12-01","-92","-206","-160"
"1991-12-02","-37","-81","-62"
"1991-12-03","-45","-73","-60"
"1991-12-04","-14","-104","-64"
"1991-12-05","10","-73","-34"
"1991-12-06","57","-45","4"
"1991-12-07","49","-37","5"
"1991-12-08","-14","-73","-51"
"1991-12-09","-10","-92","-66"
"1991-12-10","-18","-116","-68"
"1991-12-11","-18","-131","-87"
"1991-12-12","-22","-69","-42"
"1991-12-13","-29","-127","-73"
"1991-12-14","-33","-131","-87"
"1991-12-15","-6","-104","-66"
"1991-12-16","22","-69","-38"
"1991-12-17","14","-84","-45"
"1991-12-18","-18","-84","-40"
"1991-12-19","14","-104","-43"
"1991-12-20","-45","-139","-105"
"1991-12-21","-26","-151","-102"
"1991-12-22","-53","-131","-92"
"1991-12-23","-18","-116","-70"
"1991-12-24","-14","-112","-67"
"1991-12-25","-14","-123","-72"
"1991-12-26","-18","-123","-71"
"1991-12-27","-14","-100","-64"
"1991-12-28","-14","-96","-63"
"1991-12-29","-22","-100","-60"
"1991-12-30","-45","-112","-81"
"1991-12-31","-33","-104","-69"
"1992-01-01","-41","-136","-99"
"1992-01-02","-37","-139","-96"
"1992-01-03","-2","-123","-71"
"1992-01-04","10","-77","-48"
"1992-01-05","-2","-73","-42"
"1992-01-06","-18","-88","-48"
"1992-01-07","-10","-81","-44"
"1992-01-08","-22","-123","-71"
"1992-01-09","-49","-147","-107"
"1992-01-10","-26","-123","-73"
"1992-01-11","-18","-108","-61"
"1992-01-12","-37","-139","-83"
"1992-01-13","-69","-136","-97"
"1992-01-14","-57","-92","-74"
"1992-01-15","-37","-151","-103"
"1992-01-16","-22","-119","-74"
"1992-01-17","-26","-112","-66"
"1992-01-18","-57","-151","-112"
"1992-01-19","-29","-108","-80"
"1992-01-20","-22","-143","-88"
"1992-01-21","-33","-143","-84"
"1992-01-22","-49","-123","-79"
"1992-01-23","-2","-69","-29"
"1992-01-24","37","-41","1"
"1992-01-25","37","-41","-3"
"1992-01-26","18","-77","-33"
"1992-01-27","22","-69","-33"
"1992-01-28","26","-53","-19"
"1992-01-29","14","-73","-32"
"1992-01-30","37","-73","-29"
"1992-01-31","64","-49","-5"
"1992-02-01","41","-84","-27"
"1992-02-02","18","-92","-40"
"1992-02-03","-2","-84","-50"
"1992-02-04","6","-104","-56"
"1992-02-05","-14","-119","-74"
"1992-02-06","-2","-112","-59"
"1992-02-07","2","-92","-51"
"1992-02-08","18","-45","-30"
"1992-02-09","33","-37","-13"
"1992-02-10","49","-29","-2"
"1992-02-11","33","-22","-11"
"1992-02-12","49","-26","-9"
"1992-02-13","33","-29","-6"
"1992-02-14","29","-53","-16"
"1992-02-15","29","-53","-17"
"1992-02-16","-22","-57","-37"
"1992-02-17","-14","-64","-51"
"1992-02-18","10","-88","-48"
"1992-02-19","29","-45","-12"
"1992-02-20","29","-6","8"
"1992-02-21","53","-26","9"
"1992-02-22","14","-18","-1"
"1992-02-23","14","-77","-24"
"1992-02-24","26","-92","-36"
"1992-02-25","33","-45","-12"
"1992-02-26","53","-73","-22"
"1992-02-27","53","-41","2"
"1992-02-28","73","-33","17"
"1992-02-29","92","-14","31"
"1992-03-01","112","2","61"
"1992-03-02","96","-2","42"
"1992-03-03","88","-2","36"
"1992-03-04","64","-6","28"
"1992-03-05","26","-18","8"
"1992-03-06","57","-29","2"
"1992-03-07","77","-18","22"
"1992-03-08","73","-26","18"
"1992-03-09","22","-69","-11"
"1992-03-10","73","-61","5"
"1992-03-11","100","-37","29"
"1992-03-12","127","-26","40"
"1992-03-13","127","-26","48"
"1992-03-14","139","6","64"
"1992-03-15","123","18","78"
"1992-03-16","100","6","40"
"1992-03-17","18","-33","-9"
"1992-03-18","-2","-29","-15"
"1992-03-19","33","-29","-7"
"1992-03-20","61","-69","1"
"1992-03-21","81","-41","13"
"1992-03-22","73","-81","-1"
"1992-03-23","53","-18","7"
"1992-03-24","69","-29","19"
"1992-03-25","100","-41","30"
"1992-03-26","100","-18","34"
"1992-03-27","84","2","35"
"1992-03-28","53","-29","8"
"1992-03-29","127","-14","51"
"1992-03-30","139","6","66"
"1992-03-31","119","-6","47"
"1992-04-01","131","-37","47"
"1992-04-02","171","10","86"
"1992-04-03","167","14","92"
"1992-04-04","163","22","93"
"1992-04-05","81","-2","45"
"1992-04-06","61","-14","21"
"1992-04-07","96","-61","24"
"1992-04-08","100","45","73"
"1992-04-09","131","10","79"
"1992-04-10","69","14","38"
"1992-04-11","143","-2","79"
"1992-04-12","163","57","103"
"1992-04-13","163","49","105"
"1992-04-14","163","37","90"
"1992-04-15","136","22","64"
"1992-04-16","127","10","67"
"1992-04-17","64","-6","33"
"1992-04-18","45","-18","11"
"1992-04-19","73","-29","24"
"1992-04-20","119","-14","64"
"1992-04-21","127","18","76"
"1992-04-22","69","-14","25"
"1992-04-23","49","-45","3"
"1992-04-24","136","-45","47"
"1992-04-25","167","-2","89"
"1992-04-26","202","49","129"
"1992-04-27","210","77","147"
"1992-04-28","198","53","129"
"1992-04-29","222","53","147"
"1992-04-30","174","84","124"
"1992-05-01","116","26","61"
"1992-05-02","167","29","97"
"1992-05-03","194","22","121"
"1992-05-04","214","61","143"
"1992-05-05","229","69","154"
"1992-05-06","229","88","156"
"1992-05-07","214","92","140"
"1992-05-08","198","49","123"
"1992-05-09","61","14","36"
"1992-05-10","112","10","79"
"1992-05-11","143","26","97"
"1992-05-12","171","81","136"
"1992-05-13","171","45","105"
"1992-05-14","194","41","114"
"1992-05-15","167","61","115"
"1992-05-16","174","33","109"
"1992-05-17","226","49","136"
"1992-05-18","222","81","149"
"1992-05-19","226","77","147"
"1992-05-20","178","61","112"
"1992-05-21","127","41","84"
"1992-05-22","151","61","115"
"1992-05-23","182","61","109"
"1992-05-24","229","151","197"
"1992-05-25","214","88","154"
"1992-05-26","182","81","133"
"1992-05-27","159","61","113"
"1992-05-28","190","33","119"
"1992-05-29","155","64","101"
"1992-05-30","174","61","103"
"1992-05-31","174","57","116"
"1992-06-01","194","18","121"
"1992-06-02","226","84","167"
"1992-06-03","198","131","162"
"1992-06-04","198","88","149"
"1992-06-05","155","49","108"
"1992-06-06","182","33","104"
"1992-06-07","194","64","121"
"1992-06-08","198","84","149"
"1992-06-09","218","81","142"
"1992-06-10","233","104","164"
"1992-06-11","143","131","137"
"1992-06-12","119","61","80"
"1992-06-13","61","61","61"
"1992-06-14","45","22","32"
"1992-06-18","182","159","167"
"1992-06-21","206","178","189"
"1993-05-24","190","131","151"
"1993-05-25","222","64","157"
"1993-05-26","206","116","163"
"1993-05-27","222","69","156"
"1993-05-28","210","81","137"
"1993-05-29","186","88","136"
"1993-05-30","222","61","159"
"1993-05-31","190","108","133"
"1993-06-01","151","69","111"
"1993-06-02","155","29","84"
"1993-06-03","73","26","46"
"1993-06-04","116","14","64"
"1993-06-05","139","112","127"
"1993-06-06","116","22","72"
"1993-06-07","57","6","39"
"1993-06-08","116","41","72"
"1993-06-09","151","26","93"
"1993-06-10","182","49","122"
"1993-06-11","186","49","126"
"1993-06-12","116","14","65"
"1993-06-13","178","-6","102"
"1993-06-14","249","61","162"
"1993-06-15","222","108","171"
"1993-06-16","167","57","118"
"1993-06-17","108","73","92"
"1993-06-18","178","49","131"
"1993-06-19","229","127","184"
"1993-06-20","249","100","179"
"1993-06-21","206","112","157"
"1993-06-22","159","61","106"
"1993-06-23","96","45","70"
"1993-06-24","147","2","85"
"1993-06-25","206","45","131"
"1993-06-26","249","69","172"
"1993-06-27","249","136","188"
"1993-06-28","237","112","175"
"1993-06-29","159","57","114"
"1993-06-30","178","33","118"
"1993-07-01","206","69","146"
"1993-07-02","229","41","153"
"1993-07-03","104","41","66"
"1993-07-04","119","37","69"
"1993-07-05","143","29","89"
"1993-07-06","163","53","116"
"1993-07-07","198","33","125"
"1993-07-08","190","53","127"
"1993-07-09","222","81","186"
"1993-07-10","218","84","166"
"1993-07-11","182","69","112"
"1993-07-12","194","81","152"
"1993-07-13","218","45","147"
"1993-07-14","218","96","156"
"1993-07-15","218","77","154"
"1993-07-16","171","84","118"
"1993-07-17","190","69","131"
"1993-07-18","206","96","143"
"1993-07-19","253","143","203"
"1993-07-20","245","108","181"
"1993-07-21","182","81","133"
"1993-07-22","171","61","98"
"1993-07-23","96","49","77"
"1993-07-24","131","69","92"
"1993-07-25","198","57","117"
"1993-07-26","123","57","99"
"1993-07-27","198","41","112"
"1993-07-28","265","88","151"
"1993-07-29","237","143","191"
"1993-07-30","257","131","204"
"1993-07-31","249","119","185"
"1993-08-01","253","88","177"
"1993-08-02","245","88","176"
"1993-08-03","241","69","161"
"1993-08-04","206","108","149"
"1993-08-05","218","88","143"
"1993-08-06","233","81","163"
"1993-08-07","218","100","147"
"1993-08-08","226","92","159"
"1993-08-09","261","116","184"
"1993-08-10","241","100","168"
"1993-08-11","222","104","145"
"1993-08-12","218","81","133"
"1993-08-13","222","92","165"
"1993-08-14","237","96","167"
"1993-08-15","229","88","163"
"1993-08-16","178","77","131"
"1993-08-17","206","49","136"
"1993-08-18","261","81","167"
"1993-08-19","249","123","182"
"1993-08-20","241","108","153"
"1993-08-21","174","84","127"
"1993-08-22","174","84","128"
"1993-08-23","237","64","155"
"1993-08-24","253","119","179"
"1993-08-25","218","88","154"
"1993-08-26","186","57","122"
"1993-08-27","226","37","134"
"1993-08-28","229","69","149"
"1993-08-29","167","53","119"
"1993-08-30","190","26","103"
"1993-08-31","214","45","128"
"1993-09-01","194","77","139"
"1993-09-02","206","73","149"
"1993-09-03","233","64","149"
"1993-09-04","237","92","149"
"1993-09-05","226","69","123"
"1993-09-06","233","53","141"
"1993-09-07","229","96","155"
"1993-09-08","229","64","157"
"1993-09-09","245","77","180"
"1993-09-10","253","81","169"
"1993-09-11","237","92","164"
"1993-09-12","131","29","97"
"1993-09-13","112","-10","49"
"1993-09-14","163","-22","72"
"1993-09-15","182","33","111"
"1993-09-16","178","61","106"
"1993-09-17","96","45","72"
"1993-09-18","92","45","61"
"1993-09-19","143","45","88"
"1993-09-20","194","37","112"
"1993-09-21","163","45","102"
"1993-09-22","190","37","114"
"1993-09-23","198","45","98"
"1993-09-24","167","29","94"
"1993-09-25","167","29","100"
"1993-09-26","190","37","114"
"1993-09-27","226","45","128"
"1993-09-28","233","53","139"
"1993-09-29","218","69","137"
"1993-09-30","210","64","141"
"1993-10-01","194","64","134"
"1993-10-02","214","57","127"
"1993-10-03","222","69","138"
"1993-10-04","241","73","148"
"1993-10-05","229","92","156"
"1993-10-06","182","84","113"
"1993-10-07","96","29","61"
"1993-10-08","77","-10","27"
"1993-10-09","6","-29","-14"
"1993-10-10","100","-10","38"
"1993-10-11","112","6","52"
"1993-10-12","88","29","59"
"1993-10-13","116","14","54"
"1993-10-14","96","18","44"
"1993-10-15","57","18","33"
"1993-10-16","84","14","37"
"1993-10-17","96","-2","43"
"1993-10-18","100","-6","43"
"1993-10-19","77","-29","26"
"1993-10-20","100","-18","37"
"1993-10-21","139","-14","52"
"1993-10-22","155","26","79"
"1993-10-23","159","10","81"
"1993-10-24","147","18","63"
"1993-10-25","112","-10","59"
"1993-10-26","77","-33","17"
"1993-10-27","73","-33","27"
"1993-10-28","73","-10","33"
"1993-10-29","22","-81","-36"
"1993-10-30","77","-92","-11"
"1993-10-31","100","-37","27"
"1993-11-01","41","-33","5"
"1993-11-02","33","-69","-22"
"1993-11-03","57","-18","25"
"1993-11-04","29","-61","-19"
"1993-11-05","-2","-73","-43"
"1993-11-06","22","-96","-45"
"1993-11-07","41","-81","-21"
"1993-11-08","45","-81","-22"
"1993-11-09","61","-69","-4"
"1993-11-10","88","-6","28"
"1993-11-11","88","-18","29"
"1993-11-12","57","-37","8"
"1993-11-13","22","-64","-29"
"1993-11-14","22","-77","-37"
"1993-11-15","29","-104","-41"
"1993-11-16","57","-69","-11"
"1993-11-17","73","-53","-3"
"1993-11-18","6","-96","-41"
"1993-11-19","-22","-147","-88"
"1993-11-20","10","-119","-61"
"1993-11-21","81","-88","-6"
"1993-11-22","45","-45","6"
"1993-11-23","-53","-131","-89"
"1993-11-24","-131","-214","-153"
"1993-11-25","-119","-245","-189"
"1993-11-26","-81","-198","-145"
"1993-11-27","-22","-163","-108"
"1993-11-28","-6","-100","-51"
"1993-11-29","53","-53","-11"
"1993-11-30","10","-49","-18"
"1993-12-01","-18","-57","-33"
"1993-12-02","-14","-69","-38"
"1993-12-03","-29","-104","-59"
"1993-12-04","-14","-77","-46"
"1993-12-05","-37","-119","-81"
"1993-12-06","-33","-100","-69"
"1993-12-07","-22","-92","-48"
"1993-12-08","53","-26","18"
"1993-12-09","33","-10","3"
"1993-12-10","69","-33","7"
"1993-12-11","77","-22","26"
"1993-12-12","10","-84","-37"
"1993-12-13","-33","-131","-87"
"1993-12-14","-2","-96","-63"
"1993-12-15","-14","-81","-52"
"1993-12-16","-22","-73","-60"
"1993-12-17","-18","-116","-71"
"1993-12-18","-53","-139","-106"
"1993-12-19","-26","-147","-98"
"1993-12-20","-64","-155","-113"
"1993-12-21","-41","-136","-92"
"1993-12-22","-84","-167","-114"
"1993-12-23","-53","-147","-104"
"1993-12-24","-41","-143","-95"
"1993-12-25","-14","-123","-64"
"1993-12-26","18","-77","-28"
"1993-12-28","2","-100","-51"
"1993-12-29","-49","-131","-97"
"1993-12-30","-26","-136","-74"
"1993-12-31","-14","-49","-38"
"1994-01-01","18","-81","-35"
"1994-01-02","2","-37","-18"
"1994-01-03","14","-22","-3"
"1994-01-04","53","-14","12"
"1994-01-05","-2","-69","-37"
"1994-01-06","-26","-84","-62"
"1994-01-07","-49","-119","-81"
"1994-01-08","-14","-108","-56"
"1994-01-09","-22","-45","-39"
"1994-01-10","-41","-57","-48"
"1994-01-12","-29","-33","-30"
"1994-01-13","6","-33","-14"
"1994-01-14","22","-14","-1"
"1994-01-15","33","-49","-10"
"1994-01-16","6","-64","-42"
"1994-01-17","14","-53","-16"
"1994-01-18","49","-14","15"
"1994-01-19","61","-29","26"
"1994-01-20","45","-49","-11"
"1994-01-21","45","-73","-16"
"1994-01-22","49","-61","-8"
"1994-01-23","41","-61","-6"
"1994-01-24","49","-26","3"
"1994-01-25","14","-49","-22"
"1994-01-26","-6","-88","-43"
"1994-01-27","-14","-64","-43"
"1994-01-28","-26","-100","-73"
"1994-01-29","-41","-112","-74"
"1994-01-30","-73","-171","-121"
"1994-01-31","-69","-198","-143"
"1994-02-01","-57","-163","-114"
"1994-02-02","-37","-147","-103"
"1994-02-03","-29","-151","-85"
"1994-02-04","2","-136","-76"
"1994-02-05","-6","-143","-87"
"1994-02-06","14","-108","-45"
"1994-02-07","14","-29","-13"
"1994-02-08","-14","-104","-57"
"1994-02-09","-41","-139","-91"
"1994-02-10","-14","-69","-41"
"1994-02-11","-37","-92","-66"
"1994-02-12","-53","-171","-112"
"1994-02-13","-6","-147","-83"
"1994-02-14","22","-77","-38"
"1994-02-15","45","-81","-33"
"1994-02-16","57","-57","-1"
"1994-02-17","49","-22","16"
"1994-02-18","2","-81","-38"
"1994-02-19","-26","-116","-78"
"1994-02-20","-53","-127","-88"
"1994-02-21","-14","-112","-68"
"1994-02-22","-45","-127","-90"
"1994-02-23","-45","-112","-75"
"1994-02-24","14","-53","-17"
"1994-02-25","73","2","22"
"1994-02-26","37","6","18"
"1994-02-27","37","-26","3"
"1994-02-28","2","-73","-29"
"1994-03-01","-2","-155","-53"
"1994-03-02","81","-29","13"
"1994-03-03","100","-26","33"
"1994-03-04","104","-2","39"
"1994-03-05","45","-18","8"
"1994-03-06","45","-33","8"
"1994-03-07","49","-64","0"
"1994-03-08","45","-37","-3"
"1994-03-09","61","-61","-8"
"1994-03-10","84","-49","13"
"1994-03-11","57","-10","12"
"1994-03-12","64","-29","16"
"1994-03-13","108","-37","31"
"1994-03-14","131","-2","57"
"1994-03-15","163","10","74"
"1994-03-16","151","22","83"
"1994-03-17","73","-18","25"
"1994-03-18","73","-22","20"
"1994-03-19","22","-64","-4"
"1994-03-20","22","-112","-41"
"1994-03-21","88","-64","19"
"1994-03-22","18","-61","-8"
"1994-03-23","-26","-104","-71"
"1994-03-24","18","-131","-57"
"1994-03-25","41","-73","-24"
"1994-03-26","45","-64","-14"
"1994-03-27","37","-73","-13"
"1994-03-28","81","-29","27"
"1994-03-29","57","-57","6"
"1994-03-30","119","-57","29"
"1994-03-31","147","-14","60"
"1994-04-01","77","-6","28"
"1994-04-02","108","-26","38"
"1994-04-03","116","-14","36"
"1994-04-04","29","-37","-16"
"1994-04-05","29","-77","-18"
"1994-04-06","41","-29","3"
"1994-04-07","6","-45","-18"
"1994-04-08","64","-77","-3"
"1994-04-09","88","-2","30"
"1994-04-10","88","-6","29"
"1994-04-11","108","-26","33"
"1994-04-12","116","-14","58"
"1994-04-13","96","37","66"
"1994-04-14","64","6","36"
"1994-04-15","151","-29","66"
"1994-04-16","194","22","110"
"1994-04-17","206","53","134"
"1994-04-18","214","73","138"
"1994-04-19","222","73","150"
"1994-04-20","218","69","156"
"1994-04-21","229","77","152"
"1994-04-22","178","69","133"
"1994-04-23","174","26","92"
"1994-04-24","119","6","54"
"1994-04-25","81","-22","17"
"1994-04-26","33","-29","1"
"1994-04-27","53","-49","-5"
"1994-04-28","53","-53","-9"
"1994-04-29","69","-37","18"
"1994-04-30","108","-26","48"
"1994-05-01","104","2","46"
"1994-05-02","119","-18","41"
"1994-05-03","123","18","67"
"1994-05-04","171","22","101"
"1994-05-05","186","64","118"
"1994-05-06","214","77","144"
"1994-05-07","178","53","115"
"1994-05-08","171","33","106"
"1994-05-09","218","49","141"
"1994-05-10","226","73","155"
"1994-05-11","229","92","162"
"1994-05-12","218","88","145"
"1994-05-13","155","64","107"
"1994-05-14","167","14","102"
"1994-05-15","206","73","130"
"1994-05-16","171","37","93"
"1994-05-17","108","22","69"
"1994-05-18","190","37","113"
"1994-05-19","136","37","82"
"1994-05-20","112","-2","59"
"1994-05-21","167","2","94"
"1994-05-22","210","33","134"
"1994-05-23","214","69","143"
"1994-05-24","218","77","152"
"1994-05-25","237","73","153"
"1994-05-26","226","73","148"
"1994-05-27","190","49","116"
"1994-05-28","174","41","101"
"1994-05-29","194","41","128"
"1994-05-30","222","77","164"
"1994-05-31","186","84","120"
"1994-06-01","171","77","114"
"1994-06-02","206","37","131"
"1994-06-03","245","92","173"
"1994-06-04","218","116","167"
"1994-06-05","241","69","164"
"1994-06-06","226","53","149"
"1994-06-07","131","18","75"
"1994-06-08","127","6","67"
"1994-06-09","167","33","107"
"1994-06-10","214","53","141"
"1994-06-11","245","88","171"
"1994-06-12","218","112","175"
"1994-06-13","241","119","183"
"1994-06-14","119","41","79"
"1994-06-15","155","6","87"
"1994-06-16","167","77","119"
"1994-06-17","229","41","144"
"1994-06-18","253","104","187"
"1994-06-19","269","136","196"
"1994-06-20","296","123","214"
"1994-06-21","233","112","183"
"1994-06-22","249","92","165"
"1994-06-23","277","100","197"
"1994-06-24","284","104","202"
"1994-06-25","300","119","218"
"1994-06-26","233","88","178"
"1994-06-27","241","33","153"
"1994-06-28","269","88","193"
"1994-06-29","273","143","210"
"1994-06-30","284","108","210"
"1994-07-01","284","132","207"
"1994-07-02","261","119","194"
"1994-07-03","233","104","172"
"1994-07-04","233","81","165"
"1994-07-05","265","77","157"
"1994-07-06","108","26","65"
"1994-07-07","214","41","131"
"1994-07-08","265","84","182"
"1994-07-09","292","123","212"
"1994-07-10","292","136","222"
"1994-07-11","265","119","205"
"1994-07-12","257","92","199"
"1994-07-13","261","92","186"
"1994-07-14","261","88","182"
"1994-07-15","277","100","203"
"1994-07-16","288","123","216"
"1994-07-17","308","119","229"
"1994-07-18","300","143","222"
"1994-07-19","257","147","206"
"1994-07-20","273","108","211"
"1994-07-21","296","123","215"
"1994-07-22","308","143","223"
"1994-07-23","292","147","205"
"1994-07-24","312","136","218"
"1994-07-25","281","139","215"
"1994-07-26","304","132","222"
"1994-07-27","312","155","230"
"1994-07-28","312","139","231"
"1994-07-29","319","155","245"
"1994-07-30","312","163","233"
"1994-07-31","269","143","203"
"1994-08-01","292","136","207"
"1994-08-02","288","104","204"
"1994-08-03","312","132","226"
"1994-08-04","327","143","237"
"1994-08-05","312","174","248"
"1994-08-06","304","151","237"
"1994-08-07","312","132","227"
"1994-08-08","273","182","232"
"1994-08-09","214","132","170"
"1994-08-10","288","119","194"
"1994-08-11","281","132","200"
"1994-08-12","284","123","201"
"1994-08-13","300","116","212"
"1994-08-14","296","159","225"
"1994-08-15","300","143","221"
"1994-08-16","300","155","227"
"1994-08-17","292","119","212"
"1994-08-18","296","155","229"
"1994-08-19","284","127","208"
"1994-08-20","292","123","208"
"1994-08-21","277","119","201"
"1994-08-22","245","108","169"
"1994-08-23","265","49","172"
"1994-08-24","288","119","204"
"1994-08-25","281","136","209"
"1994-08-26","288","119","207"
"1994-08-27","198","139","168"
"1994-08-28","277","100","179"
"1994-08-29","249","119","179"
"1994-08-30","245","73","162"
"1994-08-31","249","81","173"
"1994-09-01","253","131","184"
"1994-09-02","265","96","183"
"1994-09-03","210","123","162"
"1994-09-04","206","81","142"
"1994-09-05","245","57","156"
"1994-09-06","245","96","160"
"1994-09-07","265","100","181"
"1994-09-08","284","127","199"
"1994-09-09","261","139","198"
"1994-09-10","222","108","156"
"1994-09-11","241","77","160"
"1994-09-12","198","104","142"
"1994-09-13","222","77","135"
"1994-09-14","81","41","62"
"1994-09-15","171","18","95"
"1994-09-16","210","45","138"
"1994-09-17","229","64","145"
"1994-09-18","233","81","158"
"1994-09-19","237","88","163"
"1994-09-20","237","77","151"
"1994-09-21","206","61","134"
"1994-09-22","222","10","119"
"1994-09-23","257","61","165"
"1994-09-24","253","69","165"
"1994-09-25","253","69","172"
"1994-09-26","253","77","167"
"1994-09-27","261","77","164"
"1994-09-28","261","100","169"
"1994-09-29","178","81","116"
"1994-09-30","147","45","84"
"1994-10-01","108","26","71"
"1994-10-02","123","29","83"
"1994-10-03","33","2","17"
"1994-10-04","77","14","46"
"1994-10-05","88","29","56"
"1994-10-06","61","26","43"
"1994-10-07","116","6","57"
"1994-10-08","147","-2","69"
"1994-10-09","171","18","82"
"1994-10-10","186","41","107"
"1994-10-11","147","37","74"
"1994-10-12","147","-2","68"
"1994-10-13","163","49","102"
"1994-10-14","147","2","66"
"1994-10-15","2","-18","-7"
"1994-10-16","49","-10","15"
"1994-10-17","53","-2","21"
"1994-10-18","45","6","27"
"1994-10-19","92","-10","25"
"1994-10-20","112","-10","47"
"1994-10-21","104","2","51"
"1994-10-22","96","2","41"
"1994-10-23","131","-10","54"
"1994-10-24","139","10","59"
"1994-10-25","143","18","82"
"1994-10-26","123","10","73"
"1994-10-27","139","77","107"
"1994-10-28","108","-26","50"
"1994-10-29","53","-69","-12"
"1994-10-30","49","-81","-20"
"1994-10-31","77","-37","22"
"1994-11-01","112","-37","50"
"1994-11-02","-29","-64","-47"
"1994-11-03","-10","-119","-69"
"1994-11-04","-37","-131","-77"
"1994-11-05","10","-57","-22"
"1994-11-06","73","-6","33"
"1994-11-07","37","-22","7"
"1994-11-08","10","-73","-32"
"1994-11-09","29","-77","-11"
"1994-11-10","96","14","42"
"1994-11-11","112","-10","49"
"1994-11-12","33","-37","-6"
"1994-11-13","-45","-88","-66"
"1994-11-14","-14","-104","-65"
"1994-11-15","-6","-108","-52"
"1994-11-16","-2","-81","-33"
"1994-11-17","-29","-112","-80"
"1994-11-18","-26","-116","-77"
"1994-11-19","-29","-147","-101"
"1994-11-20","-41","-116","-72"
"1994-11-21","-53","-143","-97"
"1994-11-22","-57","-174","-118"
"1994-11-23","-29","-155","-88"
"1994-11-24","41","-77","-28"
"1994-11-25","61","-53","-7"
"1994-11-26","-49","-112","-82"
"1994-11-27","-88","-123","-106"
"1994-11-28","-73","-104","-92"
"1994-11-29","-69","-100","-89"
"1994-12-20","6","-69","-31"
"1994-12-21","18","-155","-53"
"1994-12-22","-18","-257","-50"
"1994-12-23","22","-41","-18"
"1994-12-24","18","-14","-1"
"1994-12-25","49","-14","9"
"1994-12-26","22","-18","-5"
"1994-12-27","14","-22","-6"
"1994-12-28","2","-33","-18"
"1994-12-29","2","-116","-40"
"1994-12-30","-53","-163","-116"
"1994-12-31","-84","-194","-149"
"1995-01-03","-69","-147","-111"
"1995-01-04","-64","-182","-131"
"1995-01-05","-53","-127","-94"
"1995-01-06","-37","-92","-58"
"1995-01-07","2","-53","-26"
"1995-01-08","26","-22","-8"
"1995-01-09","33","-10","14"
"1995-01-10","45","6","22"
"1995-01-11","18","-61","-15"
"1995-01-12","-22","-77","-44"
"1995-01-13","6","-29","-11"
"1995-01-14","61","2","23"
"1995-01-15","6","-45","-18"
"1995-01-16","-37","-64","-53"
"1995-01-17","-37","-81","-66"
"1995-01-18","-33","-81","-58"
"1995-01-19","-2","-88","-44"
"1995-01-20","-33","-112","-87"
"1995-01-21","-29","-155","-116"
"1995-01-22","-69","-182","-135"
"1995-01-23","-49","-178","-128"
"1995-01-24","-45","-119","-82"
"1995-01-25","14","-64","-38"
"1995-01-26","37","-37","-16"
"1995-01-27","-18","-41","-29"
"1995-01-28","-10","-92","-36"
"1995-01-29","-33","-131","-87"
"1995-01-30","-2","-73","-37"
"1995-01-31","37","-2","18"
"1995-02-01","53","29","41"
"1995-02-02","41","-10","19"
"1995-02-03","53","-57","-6"
"1995-02-04","77","-41","18"
"1995-02-05","81","-29","16"
"1995-02-06","77","-29","19"
"1995-02-07","49","-14","7"
"1995-02-08","49","-33","8"
"1995-02-09","-2","-37","-16"
"1995-02-10","2","-73","-27"
"1995-02-11","-64","-108","-86"
"1995-02-12","-104","-131","-116"
"1995-02-13","-33","-123","-84"
"1995-02-14","-26","-119","-73"
"1995-02-15","-45","-163","-109"
"1995-02-16","-2","-92","-52"
"1995-02-17","73","-61","-9"
"1995-02-18","53","-10","17"
"1995-02-19","81","-18","18"
"1995-02-20","84","-26","26"
"1995-02-21","69","-45","11"
"1995-02-22","37","-41","-2"
"1995-02-23","49","-37","5"
"1995-02-24","77","-37","24"
"1995-02-25","92","-33","22"
"1995-02-26","81","-29","17"
"1995-02-27","49","-29","14"
"1995-02-28","41","-77","-21"
"1995-03-01","-6","-84","-51"
"1995-03-02","18","-61","-29"
"1995-03-03","37","-53","-12"
"1995-03-04","-6","-53","-32"
"1995-03-05","-18","-81","-52"
"1995-03-06","-45","-96","-71"
"1995-03-07","-2","-112","-47"
"1995-03-08","81","-81","-11"
"1995-03-09","73","-2","36"
"1995-03-10","77","37","60"
"1995-03-11","64","2","39"
"1995-03-12","22","-14","-2"
"1995-03-13","26","-37","-1"
"1995-03-14","92","-14","36"
"1995-03-15","96","-33","32"
"1995-03-16","33","-64","-16"
"1995-03-17","96","-18","30"
"1995-03-18","108","-2","43"
"1995-03-19","41","-37","7"
"1995-03-20","100","-45","36"
"1995-03-21","81","-29","29"
"1995-03-22","26","-49","-11"
"1995-03-23","77","-22","11"
"1995-03-24","-14","-69","-52"
"1995-03-25","-33","-73","-57"
"1995-03-26","-10","-108","-58"
"1995-03-27","-10","-127","-61"
"1995-03-28","-2","-112","-52"
"1995-03-29","6","-112","-50"
"1995-03-30","45","-96","-20"
"1995-03-31","100","-45","18"
"1995-04-01","116","-33","42"
"1995-04-02","73","2","33"
"1995-04-03","116","-22","44"
"1995-04-04","131","-2","64"
"1995-04-05","123","10","71"
"1995-04-06","139","26","79"
"1995-04-07","104","6","55"
"1995-04-08","33","-29","1"
"1995-04-09","18","-61","-23"
"1995-04-10","22","-57","-28"
"1995-04-11","69","-41","14"
"1995-04-12","123","-14","59"
"1995-04-13","159","29","103"
"1995-04-14","84","-49","-1"
"1995-04-15","45","-64","-13"
"1995-04-16","64","-61","11"
"1995-04-17","84","-10","28"
"1995-04-18","73","-29","15"
"1995-04-19","22","-22","-5"
"1995-04-20","26","-57","-14"
"1995-04-21","88","-41","11"
"1995-04-22","53","-29","9"
"1995-04-23","69","-33","21"
"1995-04-24","84","-41","33"
"1995-04-25","92","-14","44"
"1995-04-26","81","-29","27"
"1995-04-27","139","2","68"
"1995-04-28","73","2","35"
"1995-04-29","57","2","21"
"1995-04-30","53","-10","17"
"1995-05-01","100","-14","30"
"1995-05-02","18","18","18"
"1995-05-03","81","6","38"
"1995-05-04","131","2","67"
"1995-05-05","131","2","56"
"1995-05-06","53","-2","27"
"1995-05-07","108","-18","40"
"1995-05-08","131","-10","55"
"1995-05-09","151","37","91"
"1995-05-10","131","53","78"
"1995-05-11","69","18","44"
"1995-05-12","73","6","24"
"1995-05-13","81","-14","28"
"1995-05-14","104","-2","48"
"1995-05-15","178","33","103"
"1995-05-16","171","29","93"
"1995-05-17","163","53","104"
"1995-05-18","143","33","98"
"1995-05-19","127","77","103"
"1995-05-20","136","49","83"
"1995-05-21","186","57","108"
"1995-05-22","131","49","74"
"1995-05-23","69","14","40"
"1995-05-24","88","10","52"
"1995-05-25","100","22","48"
"1995-05-26","77","22","44"
"1995-05-27","92","18","42"
"1995-05-28","119","18","59"
"1995-05-29","155","18","87"
"1995-05-30","171","33","100"
"1995-05-31","194","61","123"
"1995-06-01","186","45","130"
"1995-06-02","163","77","109"
"1995-06-03","139","69","98"
"1995-06-04","167","57","108"
"1995-06-05","218","10","114"
"1995-06-06","57","-18","14"
"1995-06-07","116","-14","52"
"1995-06-08","77","-500","-199"
"1995-06-09","-500","-500","-500"
"1995-06-10","-500","-500","-500"
"1995-06-11","-500","-500","-500"
"1995-06-12","-249","-500","-391"
"1995-06-13","-33","-316","-179"
"1995-06-14","155","-69","56"
"1995-06-15","222","100","158"
"1995-06-16","171","92","131"
"1995-06-17","155","57","91"
"1995-06-18","163","45","103"
"1995-06-19","167","61","115"
"1995-06-20","190","29","118"
"1995-06-21","139","26","88"
"1995-06-22","143","10","86"
"1995-06-23","178","53","122"
"1995-06-24","206","64","142"
"1995-06-25","233","69","158"
"1995-06-26","249","84","177"
"1995-06-27","198","100","150"
"1995-06-28","190","73","128"
"1995-06-29","198","26","119"
"1995-06-30","210","61","136"
"1995-07-01","206","77","137"
"1995-07-02","206","61","122"
"1995-07-03","116","84","97"
"1995-07-04","174","49","116"
"1995-07-05","218","49","144"
"1995-07-06","265","92","193"
"1995-07-07","269","136","209"
"1995-07-08","284","143","221"
"1995-07-09","273","163","217"
"1995-07-10","261","127","181"
"1995-07-11","249","116","173"
"1995-07-12","500","178","421"
"1995-07-13","218","-241","-21"
"1995-07-14","-57","-343","-174"
"1995-07-15","131","-269","-33"
"1995-07-16","319","6","153"
"1995-07-17","418","88","293"
"1995-07-18","422","186","331"
"1995-07-19","429","323","365"
"1995-07-20","418","167","308"
"1995-07-21","437","237","326"
"1995-07-22","465","241","355"
"1995-07-23","441","253","333"
"1995-07-24","461","249","337"
"1995-07-25","477","214","357"
"1995-07-26","433","292","369"
"1995-07-27","441","288","367"
"1995-07-28","469","182","334"
"1995-07-29","433","194","301"
"1995-07-30","327","186","254"
"1995-07-31","343","143","236"
"1995-08-01","394","174","279"
"1995-08-02","410","226","301"
"1995-08-03","406","226","309"
"1995-08-04","402","218","287"
"1995-08-05","422","182","302"
"1995-08-06","355","167","267"
"1995-08-07","292","84","201"
"1995-08-08","281","155","235"
"1995-08-09","347","159","268"
"1995-08-10","323","222","268"
"1995-08-11","292","171","240"
"1995-08-12","269","182","235"
"1995-08-13","265","108","209"
"1995-08-14","265","131","194"
"1995-08-15","226","84","160"
"1995-08-16","257","22","184"
"1995-08-17","229","112","161"
"1995-08-18","174","-6","102"
"1995-08-19","229","-61","96"
"1995-08-20","312","57","163"
"1995-08-21","229","-57","91"
"1995-08-22","226","-10","111"
"1995-08-23","143","-84","27"
"1995-08-24","92","-69","24"
"1995-08-25","151","-77","75"
"1995-08-26","151","-331","12"
"1995-08-27","194","-116","77"
"1995-08-28","155","-190","67"
"1995-08-29","233","-123","106"
"1995-08-30","159","-296","48"
"1995-08-31","147","-22","65"
"1995-09-01","253","-202","128"
"1995-09-02","182","-123","58"
"1995-09-03","210","-33","47"
"1995-09-04","57","-304","-64"
"1995-09-05","49","-226","-66"
"1995-09-06","104","-77","28"
"1995-09-07","92","-143","2"
"1995-09-08","45","-100","-39"
"1995-09-09","-6","-296","-80"
"1995-09-10","18","-64","-20"
"1995-09-11","53","-73","-19"
"1995-09-12","100","-84","28"
"1995-09-13","119","26","57"
"1995-09-14","77","-53","24"
"1995-09-15","108","-69","12"
"1995-09-16","127","-14","57"
"1995-09-17","61","-6","24"
"1995-09-18","143","-6","76"
"1995-09-19","112","-61","54"
"1995-09-20","81","-14","36"
"1995-09-21","77","-96","3"
"1995-09-22","100","-18","56"
"1995-09-23","198","6","112"
"1995-09-24","100","-92","25"
"1995-09-25","139","-33","72"
"1995-09-26","147","-33","50"
"1995-09-27","131","-69","38"
"1995-09-28","127","-61","57"
"1995-09-29","81","-29","-2"
"1995-09-30","123","-41","47"
"1995-10-01","151","-37","82"
"1995-10-02","119","-10","69"
"1995-10-03","81","-69","13"
"1995-10-04","-18","-96","-68"
"1995-10-05","77","-159","-59"
"1995-10-06","100","-171","-24"
"1995-10-07","22","-108","-37"
"1995-10-08","49","-190","-72"
"1995-10-09","69","-84","-8"
"1995-10-10","100","-108","6"
"1995-10-11","116","-14","38"
"1995-10-12","18","-104","-48"
"1995-10-13","-53","-167","-103"
"1995-10-14","18","-127","-59"
"1995-10-15","45","-77","-26"
"1995-10-16","18","-49","-21"
"1995-10-17","-2","-96","-47"
"1995-10-18","-10","-77","-37"
"1995-10-19","-49","-123","-86"
"1995-10-20","2","-108","-58"
"1995-10-21","-22","-123","-74"
"1995-10-22","-37","-167","-110"
"1995-10-23","-57","-281","-161"
"1995-10-24","-41","-245","-151"
"1995-10-25","-112","-233","-163"
"1995-10-26","-116","-151","-128"
"1995-10-27","-104","-186","-136"
"1995-10-28","-84","-119","-104"
"1995-10-29","-53","-127","-91"
"1995-10-30","-69","-104","-87"
"1995-10-31","-88","-135","-111"
"1995-11-01","-64","-261","-137"
"1995-11-02","-53","-304","-157"
"1995-11-03","-57","-292","-151"
"1995-11-04","-69","-304","-148"
"1995-11-05","-53","-178","-116"
"1995-11-06","-100","-127","-109"
"1995-11-07","-61","-112","-88"
"1995-11-08","-57","-147","-80"
"1995-11-09","-77","-139","-107"
"1995-11-10","-41","-229","-97"
"1995-11-11","-37","-174","-91"
"1995-11-12","-81","-123","-99"
"1995-11-13","-57","-100","-74"
"1995-11-14","-45","-123","-66"
"1995-11-15","-37","-116","-78"
"1995-11-16","-2","-77","-42"
"1995-11-17","2","-96","-53"
"1995-11-18","26","-69","-22"
"1995-11-19","6","-81","-27"
"1995-11-20","33","-73","-29"
"1995-11-21","26","-69","-18"
"1995-11-22","14","-18","-7"
"1995-11-23","22","-49","-7"
"1995-11-24","45","-29","9"
"1995-11-25","61","-14","37"
"1995-11-26","29","-88","-58"
"1995-11-27","-41","-104","-78"
"1995-11-28","-45","-253","-98"
"1995-11-29","10","-64","-17"
"1995-11-30","41","22","33"
"1995-12-01","45","-61","7"
"1995-12-02","-22","-88","-43"
"1995-12-03","-37","-264","-80"
"1995-12-04","-14","-61","-40"
"1995-12-05","-6","-61","-44"
